Workbook

Sheet Нэгтгэл
A2: 2025 оны жилийн зардал
A5: Сар | B5: НӨАТ | C5: Цэвэр дүн | D5: Нийт дүн | E5: Татварын төрөл | F5: Цэвэр дүн | G5: Оффис хангамж | H5: Зээл | I5: Хүнс / кэмп | J5: ХАБ | K5: Хангамж | L5: Засварт | M5: Сэлбэг | N5: Түлш | O5: Тос тосолгоо | P5: Цалин | Q5: НӨӨЦ ашигласны төлбөр | R5: торгууль | S5: Лиценз | T5: Нийгмийн Хариуцлага | U5: Нөхөн сэргэлтийн төлбөр | V5: хогны төлбөр | W5: газрын төлбөр | X5: Суутган | Y5: НДШ | Z5: нийт зардал | AA5: Зардлын зөрүү
A6: 1 сар | B6: =+'1'!D4 -> 0 | C6: =+'1'!E4 -> 12063669 | D6: =+'1'!F4 -> 12063669 | E6: =+'1'!G4 -> 0 | F6: =+'1'!H4 -> 12063669 | G6: =+'1'!I4 -> 4000 | H6: =+'1'!J4 -> 12059669 | I6: =+'1'!K4 -> 0 | ... AA6: =+'1'!AC4 -> 0
A7: 2 сар | B7: =+'2'!D4 -> 9281.82 | C7: =+'2'!E4 -> 12091232 | D7: =+'2'!F4 -> 12081950 | E7: =+'2'!G4 -> 0 | F7: =+'2'!H4 -> 12081950 | G7: =+'2'!I4 -> 96818.18 | H7: =+'2'!J4 -> 11985132 | I7: =+'2'!K4 -> 0 | ... AA7: =+'2'!AC4 -> 0
A8: 3 сар | B8: =+'3'!D4 -> 12909.086 | C8: =+'3'!E4 -> 10750323 | D8: =+'3'!F4 -> 10737413 | E8: =+'3'!G4 -> 0 | F8: =+'3'!H4 -> 10737413 | G8: =+'3'!I4 -> 132090.91 | H8: =+'3'!J4 -> 10605323 | I8: =+'3'!K4 -> 0 | ... AA8: =+'3'!AC4 -> 0
A9: 4 сар | B9: =+'4'!D4 -> 13181.82 | C9: =+'4'!E4 -> 9599257.4 | D9: =+'4'!F4 -> 9586075.6 | E9: =+'4'!G4 -> 0 | F9: =+'4'!H4 -> 9586075.6 | G9: =+'4'!I4 -> 136818.18 | H9: =+'4'!J4 -> 9449257.4 | I9: =+'4'!K4 -> 0 | ... AB9: =+'4'!AD4 -> 0
A10: 5 сар | B10: =+'5'!D4 -> 1410487.5 | C10: =+'5'!E4 -> 29303280 | D10: =+'5'!F4 -> 27892793 | E10: =+'5'!G4 -> 0 | F10: =+'5'!H4 -> 27892793 | G10: =+'5'!I4 -> 4190350.6 | H10: =+'5'!J4 -> 12985423 | I10: =+'5'!K4 -> 1070672.6 | ... AA10: =+'5'!AC4 -> 0
A11: 6 сар | B11: =+'6'!D4 -> 547910.71 | C11: =+'6'!E4 -> 18916332 | D11: =+'6'!F4 -> 18368421 | E11: =+'6'!G4 -> 0 | F11: =+'6'!H4 -> 18368421 | G11: =+'6'!I4 -> 1384888.3 | H11: =+'6'!J4 -> 11037836 | I11: =+'6'!K4 -> 1309382.4 | ... AA11: =+'6'!AC4 -> 0
A12: Хагас жил | B12: =SUM(B6:B11) -> 1993770.9 | C12: =SUM(C6:C11) -> 92724092 | D12: =SUM(D6:D11) -> 90730321 | E12: =SUM(E6:E11) -> 0 | F12: =SUM(F6:F11) -> 90730321 | G12: =SUM(G6:G11) -> 5944966.1 | H12: =SUM(H6:H11) -> 68122639 | I12: =SUM(I6:I11) -> 2380055 | ... AA12: =SUM(AA6:AA11) -> 0
A13: 7 сар | B13: =+'7'!D4 -> 2110895.7 | C13: =+'7'!E4 -> 40191422 | D13: =+'7'!F4 -> 38080556 | E13: =+'7'!G4 -> 0 | F13: =+'7'!H4 -> 72430129 | G13: =+'7'!I4 -> 10629018 | H13: =+'7'!J4 -> 20042925 | I13: =+'7'!K4 -> 3561661 | ... AA13: =+'7'!AC4 -> 0
A14: 8 сар | B14: =+'8'!D4 -> 1907763.8 | C14: =+'8'!E4 -> 34214521 | D14: =+'8'!F4 -> 32306757 | E14: =+'8'!G4 -> 0 | F14: =+'8'!H4 -> 1.2372557e+08 | G14: =+'8'!I4 -> 14399963 | H14: =+'8'!J4 -> 25340203 | I14: =+'8'!K4 -> 4229736 | ... AA14: =+'8'!AC4 -> 0
A15: 9 сар | B15: =+'9'!D4 -> 252525.9 | C15: =+'9'!E4 -> 6302615.2 | D15: =+'9'!F4 -> 6050089.3 | E15: =+'9'!G4 -> 0 | F15: =+'9'!H4 -> 6302615.2 | G15: =+'9'!I4 -> 2774173 | H15: =+'9'!J4 -> 1762775.2 | I15: =+'9'!K4 -> 149600 | ... AA15: =+'9'!AC4 -> 0
A16: 10 сар
A17: 11 сар
A18: 12 сар
A19: Хагас жил | B19: =SUM(B13:B18) -> 4271185.4 | C19: =SUM(C13:C18) -> 80708558 | D19: =SUM(D13:D18) -> 76437402 | E19: =SUM(E13:E18) -> 0 | F19: =SUM(F13:F18) -> 2.0245832e+08 | G19: =SUM(G13:G18) -> 27803154 | H19: =SUM(H13:H18) -> 47145904 | I19: =SUM(I13:I18) -> 7940997 | ... AA19: =SUM(AA13:AA18) -> 0

Sheet 1
A3: Сар | B3: Харилцагчийн нэр | C3: Харилцагчийн ТТД | D3: НӨАТ | E3: Цэвэр дүн | F3: Нийт дүн | G3: Татварын төрөл | H3: Цэвэр дүн | I3: Оффис хангамж | J3: Зээл | K3: Хүнс / кэмп | L3: ХАБ | M3: Хангамж | N3: Засварт | O3: Сэлбэг | P3: Түлш | Q3: Тос тосолгоо | R3: Цалин | S3: НӨӨЦ ашигласны төлбөр | T3: торгууль | U3: Лиценз | V3: Нийгмийн Хариуцлага | W3: Нөхөн сэргэлтийн төлбөр | X3: хогны төлбөр | Y3: газрын төлбөр | Z3: Суутган | AA3: НДШ | AB3: нийт зардал | AC3: Зардлын зөрүү
D4: =SUM(D6:D162) -> 0 | E4: =SUM(E6:E162) -> 12063669 | F4: =SUM(F6:F162) -> 12063669 | H4: =+AB4 -> 12063669 | I4: =SUM(I6:I162) -> 4000 | J4: =SUM(J6:J162) -> 12059669 | K4: =SUM(K6:K162) -> 0 | L4: =SUM(L6:L162) -> 0 | M4: =SUM(M6:M162) -> 0 | N4: =SUM(N6:N162) -> 0 | O4: =SUM(O6:O162) -> 0 | P4: =SUM(P6:P162) -> 0 | ... AA4: =SUM(AA6:AA162) -> 0 | AB4: =SUM(I4:AA4) -> 12063669 | AC4: =SUM(AC6:AC162) -> 0
F5: 1 | I5: =+I4/$H$4 -> 0.00033157409 | K5: =+K4/$H$4 -> 0 | L5: =+L4/$H$4 -> 0 | M5: =+M4/$H$4 -> 0 | N5: =+N4/$H$4 -> 0 | O5: =+O4/$H$4 -> 0 | P5: =+P4/$H$4 -> 0 | Q5: =+Q4/$H$4 -> 0 | R5: =+R4/$H$4 -> 0 | ... AC5: =+AC4/$H$4 -> 0
A6: 2025-01-31 | B6: Инвескор ББСБ | C6: 6060854 | D6: 0 | E6: 9784108.7 | F6: =+E6-D6 -> 9784108.7 | G6: Чөлөөлөгдөх | H6: =+F6 -> 9784108.7 | J6: =+F6 -> 9784108.7 | AB6: =SUM(I6:AA6) -> 9784108.7 | AC6: =+AB6-H6 -> 0
A7: 2025-01-31 | B7: ХААН банк | C7: 2693321 | D7: 0 | E7: 2000 | F7: =+E7-D7 -> 2000 | G7: Чөлөөлөгдөх | H7: =+F7 -> 2000 | I7: =+F7 -> 2000 | AB7: =SUM(I7:AA7) -> 2000 | AC7: =+AB7-H7 -> 0
A8: 2025-01-15 | B8: Очир ундраа ОМЗ ББСБ | C8: 2734745 | D8: 0 | E8: 2275560 | F8: =+E8-D8 -> 2275560 | G8: Чөлөөлөгдөх | H8: =+F8 -> 2275560 | J8: =+F8 -> 2275560 | AB8: =SUM(I8:AA8) -> 2275560 | AC8: =+AB8-H8 -> 0
A9: 2025-01-01 | B9: Капитронбанк | C9: 2677377 | D9: 0 | E9: 2000 | F9: =+E9-D9 -> 2000 | G9: Чөлөөлөгдөх | H9: =+F9 -> 2000 | I9: =+F9 -> 2000 | AB9: =SUM(I9:AA9) -> 2000 | AC9: =+AB9-H9 -> 0
H10: =+F10 -> 0 | AC10: =+AB10-H10 -> 0
AC11: =+AB11-H11 -> 0

Sheet 2
A3: Сар | B3: Харилцагчийн нэр | C3: Харилцагчийн ТТД | D3: НӨАТ | E3: Цэвэр дүн | F3: Нийт дүн | G3: Татварын төрөл | H3: Нийт Зардал | I3: Оффис хангамж | J3: Зээл | K3: Хүнс / кэмп | L3: ХАБ | M3: Хангамж | N3: Засварт | O3: Сэлбэг | P3: Түлш | Q3: Тос тосолгоо | R3: Цалин | S3: НӨӨЦ ашигласны төлбөр | T3: торгууль | U3: Лиценз | V3: Нийгмийн Хариуцлага | W3: Нөхөн сэргэлтийн төлбөр | X3: хогны төлбөр | Y3: газрын төлбөр | Z3: Суутган | AA3: НДШ | AB3: нийт зардал | AC3: Зардлын зөрүү
D4: =SUM(D6:D162) -> 9281.82 | E4: =SUM(E6:E162) -> 12091232 | F4: =SUM(F6:F162) -> 12081950 | H4: =+AB4 -> 12081950 | I4: =SUM(I6:I162) -> 96818.18 | J4: =SUM(J6:J162) -> 11985132 | K4: =SUM(K6:K162) -> 0 | L4: =SUM(L6:L162) -> 0 | M4: =SUM(M6:M162) -> 0 | N4: =SUM(N6:N162) -> 0 | O4: =SUM(O6:O162) -> 0 | P4: =SUM(P6:P162) -> 0 | ... AA4: =SUM(AA6:AA162) -> 0 | AB4: =SUM(I4:AA4) -> 12081950 | AC4: =SUM(AC6:AC162) -> 0
F5: 1 | I5: =+I4/$H$4 -> 0.0080134563 | K5: =+K4/$H$4 -> 0 | L5: =+L4/$H$4 -> 0 | M5: =+M4/$H$4 -> 0 | N5: =+N4/$H$4 -> 0 | O5: =+O4/$H$4 -> 0 | P5: =+P4/$H$4 -> 0 | Q5: =+Q4/$H$4 -> 0 | R5: =+R4/$H$4 -> 0 | ... AC5: =+AC4/$H$4 -> 0
A6: 2025-02-28 | B6: Худалдаа хөгжлийн банк | C6: 2635534 | D6: 0 | E6: 1000 | F6: =+E6-D6 -> 1000 | G6: Чөлөөлөгдөх | H6: =+F6 -> 1000 | I6: =+H6 -> 1000 | AB6: =SUM(I6:AA6) -> 1000 | AC6: =+H6-AB6 -> 0
A7: 2025-02-28 | B7: ХААН банк | C7: 2693321 | D7: 0 | E7: 2000 | F7: =+E7-D7 -> 2000 | G7: Чөлөөлөгдөх | H7: =+F7 -> 2000 | I7: =+H7 -> 2000 | AB7: =SUM(I7:AA7) -> 2000 | AC7: =+H7-AB7 -> 0
A8: 2025-02-26 | B8: Хөрс-Авто сервис | C8: 2090694 | D8: 9281.82 | E8: 102100 | F8: =+E8-D8 -> 92818.18 | G8: Энгийн | H8: =+F8 -> 92818.18 | I8: =+H8 -> 92818.18 | AB8: =SUM(I8:AA8) -> 92818.18 | AC8: =+H8-AB8 -> 0
A9: 2025-02-18 | B9: Очир ундраа ОМЗ ББСБ | C9: 2734745 | D9: 0 | E9: 2201022.4 | F9: =+E9-D9 -> 2201022.4 | G9: Чөлөөлөгдөх | H9: =+F9 -> 2201022.4 | J9: =+H9 -> 2201022.4 | AB9: =SUM(I9:AA9) -> 2201022.4 | AC9: =+H9-AB9 -> 0
A10: 2025-02-01 | B10: Худалдаа хөгжлийн банк | C10: 2635534 | D10: 0 | E10: 1000 | F10: =+E10-D10 -> 1000 | G10: Чөлөөлөгдөх | H10: =+F10 -> 1000 | I10: =+H10 -> 1000 | AB10: =SUM(I10:AA10) -> 1000 | AC10: =+H10-AB10 -> 0
A11: 2025-02-28 | B11: Инвескор ББСБ | C11: 6060854 | D11: 0 | E11: 9784109.6 | F11: =+E11-D11 -> 9784109.6 | H11: =+F11 -> 9784109.6 | J11: =+F11 -> 9784109.6 | AB11: =SUM(I11:AA11) -> 9784109.6 | AC11: =+H11-AB11 -> 0
AB12: =SUM(I12:AA12) -> 0 | AC12: =+H12-AB12 -> 0
AC13: =+H13-AB13 -> 0
AC14: =+H14-AB14 -> 0

Sheet 3
A3: Сар | B3: Харилцагчийн нэр | C3: Харилцагчийн ТТД | D3: НӨАТ | E3: Цэвэр дүн | F3: Нийт дүн | G3: Татварын төрөл | H3: Нийт Зардал | I3: Оффис хангамж | J3: Зээл | K3: Хүнс / кэмп | L3: ХАБ | M3: Хангамж | N3: Засварт | O3: Сэлбэг | P3: Түлш | Q3: Тос тосолгоо | R3: Цалин | S3: НӨӨЦ ашигласны төлбөр | T3: торгууль | U3: Лиценз | V3: Нийгмийн Хариуцлага | W3: Нөхөн сэргэлтийн төлбөр | X3: хогны төлбөр | Y3: газрын төлбөр | Z3: Суутган | AA3: НДШ | AB3: нийт зардал | AC3: Зардлын зөрүү
D4: =SUM(D6:D162) -> 12909.086 | E4: =SUM(E6:E162) -> 10750323 | F4: =SUM(F6:F162) -> 10737413 | H4: =+AB4 -> 10737413 | I4: =SUM(I6:I162) -> 132090.91 | J4: =SUM(J6:J162) -> 10605323 | K4: =SUM(K6:K162) -> 0 | L4: =SUM(L6:L162) -> 0 | M4: =SUM(M6:M162) -> 0 | N4: =SUM(N6:N162) -> 0 | O4: =SUM(O6:O162) -> 0 | P4: =SUM(P6:P162) -> 0 | ... AA4: =SUM(AA6:AA162) -> 0 | AB4: =SUM(I4:AA4) -> 10737413 | AC4: =SUM(AC6:AC162) -> 0
F5: 1 | I5: =+I4/$H$4 -> 0.01230193 | K5: =+K4/$H$4 -> 0 | L5: =+L4/$H$4 -> 0 | M5: =+M4/$H$4 -> 0 | N5: =+N4/$H$4 -> 0 | O5: =+O4/$H$4 -> 0 | P5: =+P4/$H$4 -> 0 | Q5: =+Q4/$H$4 -> 0 | R5: =+R4/$H$4 -> 0 | ... AC5: =+AC4/$H$4 -> 0
A6: 2025-03-31 | B6: Инвескор ББСБ | C6: 6060854 | D6: 0 | E6: 8683468.9 | F6: =+E6-D6 -> 8683468.9 | G6: Энгийн | H6: =+F6 -> 8683468.9 | J6: =+H6 -> 8683468.9 | AB6: =SUM(I6:AA6) -> 8683468.9 | AC6: =+AB6-H6 -> 0
A7: 2025-03-31 | B7: Худалдаа хөгжлийн банк | C7: 2635534 | D7: 0 | E7: 1000 | F7: =+E7-D7 -> 1000 | G7: Энгийн | H7: =+F7 -> 1000 | I7: =+H7 -> 1000 | AB7: =SUM(I7:AA7) -> 1000 | AC7: =SUM(AC9:AC165) -> 0
A8: 2025-03-31 | B8: Финикс экүйпмент | C8: 5959918 | D8: 8363.6364 | E8: 92000 | F8: =+E8-D8 -> 83636.364 | H8: =+F8 -> 83636.364 | I8: =+H8 -> 83636.364 | AB8: =SUM(I8:AA8) -> 83636.364 | AC8: =SUM(AC10:AC166) -> 0
A9: 2025-03-31 | B9: ХААН банк | C9: 2693321 | D9: 0 | E9: 2000 | F9: =+E9-D9 -> 2000 | H9: =+F9 -> 2000 | I9: =+H9 -> 2000 | AB9: =SUM(I9:AA9) -> 2000 | AC9: =SUM(AC11:AC167) -> 0
A10: 2025-03-30 | B10: Шунхлайтрейдинг | C10: 5506239 | D10: 4545.45 | E10: 50000 | F10: =+E10-D10 -> 45454.55 | H10: =+F10 -> 45454.55 | I10: =+H10 -> 45454.55 | AB10: =SUM(I10:AA10) -> 45454.55
A11: 2025-03-10 | B11: Очир ундраа ОМЗ ББСБ | C11: 2734745 | D11: 0 | E11: 1921853.6 | F11: =+E11-D11 -> 1921853.6 | H11: =+F11 -> 1921853.6 | J11: =+H11 -> 1921853.6

Sheet 4
D2: 13,181.82₮ | E2: 9,599,257.41₮ | F2: 9,586,075.59₮
A3: Сар | B3: Харилцагчийн нэр | C3: Харилцагчийн ТТД | D3: НӨАТ | E3: Цэвэр дүн | F3: Нийт дүн | G3: Татварын төрөл | H3: Нийт Зардал | I3: Оффис хангамж | J3: Зээл | K3: Хүнс / кэмп | L3: ХАБ | M3: Хангамж | N3: Засварт | O3: Сэлбэг | P3: Түлш | Q3: Тос тосолгоо | R3: Цалин | S3: НӨӨЦ ашигласны төлбөр | T3: торгууль | U3: Лиценз | V3: Нийгмийн Хариуцлага | W3: Нөхөн сэргэлтийн төлбөр | X3: хогны төлбөр | Y3: газрын төлбөр | Z3: Суутган | AA3: НДШ | AB3: нийт зардал | AC3: Зардлын зөрүү
D4: =SUM(D6:D162) -> 13181.82 | E4: =SUM(E6:E162) -> 9599257.4 | F4: =SUM(F6:F162) -> 9586075.6 | H4: =+AB4 -> 9586075.6 | I4: =SUM(I6:I162) -> 136818.18 | J4: =SUM(J6:J162) -> 9449257.4 | K4: =SUM(K6:K162) -> 0 | L4: =SUM(L6:L162) -> 0 | M4: =SUM(M6:M162) -> 0 | N4: =SUM(N6:N162) -> 0 | O4: =SUM(O6:O162) -> 0 | P4: =SUM(P6:P162) -> 0 | ... AA4: =SUM(AA6:AA162) -> 0 | AB4: =SUM(I4:AA4) -> 9586075.6 | AC4: =SUM(AC6:AC162) -> 0
F5: 1 | I5: =+I4/$H$4 -> 0.014272596 | K5: =+K4/$H$4 -> 0 | L5: =+L4/$H$4 -> 0 | M5: =+M4/$H$4 -> 0 | N5: =+N4/$H$4 -> 0 | O5: =+O4/$H$4 -> 0 | P5: =+P4/$H$4 -> 0 | Q5: =+Q4/$H$4 -> 0 | R5: =+R4/$H$4 -> 0 | ... AC5: =+AC4/$H$4 -> 0
A6: 2025-04-30 | B6: Худалдаа хөгжлийн банк | C6: 2635534 | D6: 0 | E6: 1000 | F6: =+E6-D6 -> 1000 | G6: Энгийн | H6: =+F6 -> 1000 | I6: =+F6 -> 1000 | AB6: =SUM(I6:AA6) -> 1000 | AC6: =+AB6-H6 -> 0
A7: 2025-04-30 | B7: Инвескор ББСБ | C7: 6060854 | D7: 0 | E7: 9449257.4 | F7: =+E7-D7 -> 9449257.4 | G7: Энгийн | H7: =+F7 -> 9449257.4 | J7: =+H7 -> 9449257.4 | AB7: =SUM(I7:AA7) -> 9449257.4 | AC7: =+AB7-H7 -> 0
A8: 2025-04-30 | B8: ХААН банк | C8: 2693321 | D8: 0 | E8: 2000 | F8: =+E8-D8 -> 2000 | H8: =+F8 -> 2000 | I8: =+E8 -> 2000 | AB8: =SUM(I8:AA8) -> 2000 | AC8: =+AB8-H8 -> 0
A9: 2025-04-24 | B9: Тридум-Эсекьюрити | C9: 5126096 | D9: 4090.91 | E9: 45000 | F9: =+E9-D9 -> 40909.09 | H9: =+F9 -> 40909.09 | I9: =+H9 -> 40909.09 | AB9: =SUM(I9:AA9) -> 40909.09 | AC9: =+AB9-H9 -> 0
A10: 2025-04-23 | B10: Шунхлайтрейдинг | C10: 5506239 | D10: 9090.91 | E10: 100000 | F10: =+E10-D10 -> 90909.09 | H10: =+F10 -> 90909.09 | I10: =+F10 -> 90909.09 | AB10: =SUM(I10:AA10) -> 90909.09 | AC10: =+AB10-H10 -> 0
A11: 2025-04-01 | B11: Капитронбанк | C11: 2677377 | D11: 0 | E11: 2000 | F11: =+E11-D11 -> 2000 | H11: =+F11 -> 2000 | I11: =+F11 -> 2000 | AB11: =SUM(I11:AA11) -> 2000 | AC11: =+AB11-H11 -> 0
H12: =+F12 -> 0 | AB12: =SUM(I12:AA12) -> 0 | AC12: =+AB12-H12 -> 0
H13: =+F13 -> 0 | AC13: =+AB13-H13 -> 0
AC14: =+AB14-H14 -> 0
AC15: =+AB15-H15 -> 0
AC16: =+AB16-H16 -> 0

Sheet 5
G1: НХАТ | H1: 35107.03
D2: 1,410,487.47₮ | E2: 29,268,173.09₮ | F2: 27,857,685.62₮
A3: Сар | B3: Харилцагчийн нэр | C3: Харилцагчийн ТТД | D3: НӨАТ | E3: Цэвэр дүн | F3: Нийт дүн | G3: Татварын төрөл | H3: Нийт Зардал | I3: Оффис хангамж | J3: Зээл | K3: Хүнс / кэмп | L3: ХАБ | M3: Хангамж | N3: Засварт | O3: Сэлбэг | P3: Түлш | Q3: Тос тосолгоо | R3: Цалин | S3: НӨӨЦ ашигласны төлбөр | T3: торгууль | U3: Лиценз | V3: Нийгмийн Хариуцлага | W3: Нөхөн сэргэлтийн төлбөр | X3: хогны төлбөр | Y3: газрын төлбөр | Z3: Суутган | AA3: НДШ | AB3: нийт зардал | AC3: Зардлын зөрүү
D4: =SUM(D6:D162) -> 1410487.5 | E4: =SUM(E6:E162) -> 29303280 | F4: =SUM(F6:F162) -> 27892793 | H4: =+AB4 -> 27892793 | I4: =SUM(I6:I162) -> 4190350.6 | J4: =SUM(J6:J162) -> 12985423 | K4: =SUM(K6:K162) -> 1070672.6 | L4: =SUM(L6:L162) -> 0 | M4: =SUM(M6:M162) -> 330863.64 | N4: =SUM(N6:N162) -> 8363410.7 | O4: =SUM(O6:O162) -> 952072.07 | P4: =SUM(P6:P162) -> 0 | ... AA4: =SUM(AA6:AA162) -> 0 | AB4: =SUM(I4:AA4) -> 27892793 | AC4: =SUM(AC6:AC162) -> 0
F5: 1 | I5: =+I4/$H$4 -> 0.15023059 | K5: =+K4/$H$4 -> 0.038385276 | L5: =+L4/$H$4 -> 0 | M5: =+M4/$H$4 -> 0.011861976 | N5: =+N4/$H$4 -> 0.29984128 | O5: =+O4/$H$4 -> 0.034133265 | P5: =+P4/$H$4 -> 0 | Q5: =+Q4/$H$4 -> 0 | R5: =+R4/$H$4 -> 0 | ... AC5: =+AC4/$H$4 -> 0
A6: 2025-05-31 | B6: Худалдаа хөгжлийн банк | C6: 2635534 | D6: 0 | E6: 1000 | F6: =+E6-D6 -> 1000 | G6: Чөлөөлөгдөх | H6: =+F6 -> 1000 | I6: =+H6 -> 1000 | AB6: =SUM(I6:AA6) -> 1000 | AC6: =+AB6-F6 -> 0
A7: 2025-05-31 | B7: Эрхэмхангай | C7: 5430836 | D7: 3545.45 | E7: 39000 | F7: =+E7-D7 -> 35454.55 | G7: Энгийн | H7: =+F7 -> 35454.55 | K7: =+H7 -> 35454.55 | AB7: =SUM(I7:AA7) -> 35454.55 | AC7: =+AB7-F7 -> 0
A8: 2025-05-31 | B8: Зул маргад | C8: 6983243 | D8: 927.27273 | E8: 10200 | F8: =+E8-D8 -> 9272.7273 | G8: Энгийн | H8: =+F8 -> 9272.7273 | I8: =+H8 -> 9272.7273 | AB8: =SUM(I8:AA8) -> 9272.7273 | AC8: =+AB8-F8 -> 0
A9: 2025-05-31 | B9: ТОГТООЛ ЦЭВЭЛЛХАСҮРЭН | C9: НН75050868 | D9: 0 | E9: 63500 | F9: =+E9-D9 -> 63500 | G9: Энгийн | H9: =+F9 -> 63500 | J9: =+H9 -> 63500 | AB9: =SUM(I9:AA9) -> 63500 | AC9: =+AB9-F9 -> 0
A10: 2025-05-31 | B10: ХААН банк | C10: 2693321 | D10: 0 | E10: 2000 | F10: =+E10-D10 -> 2000 | G10: Чөлөөлөгдөх | H10: =+F10 -> 2000 | I10: =+H10 -> 2000 | AB10: =SUM(I10:AA10) -> 2000 | AC10: =+AB10-F10 -> 0
A11: 2025-05-30 | B11: Их ноён од | C11: 6007066 | D11: 118181.82 | E11: 1300000 | F11: =+E11-D11 -> 1181818.2 | G11: Энгийн | H11: =+F11 -> 1181818.2 | I11: =+H11 -> 1181818.2 | AB11: =SUM(I11:AA11) -> 1181818.2 | AC11: =+AB11-F11 -> 0
A12: 2025-05-30 | B12: Петростар | C12: 5241901 | D12: 15163.64 | E12: 166800 | F12: =+E12-D12 -> 151636.36 | G12: Энгийн | H12: =+F12 -> 151636.36 | I12: =+H12 -> 151636.36 | AB12: =SUM(I12:AA12) -> 151636.36 | AC12: =+AB12-F12 -> 0
A13: 2025-05-30 | B13: Ньюбулл | C13: 2679396 | D13: 37285.714 | E13: 417600 | F13: =+E13-D13 -> 380314.29 | G13: Энгийн | H13: =+F13 -> 380314.29 | I13: =+H13 -> 380314.29 | AB13: =SUM(I13:AA13) -> 380314.29 | AC13: =+AB13-F13 -> 0
A14: 2025-05-30 | B14: ТТЕМ | C14: 5459591 | D14: 77100 | E14: 848100 | F14: =+E14-D14 -> 771000 | G14: Энгийн | H14: =+F14 -> 771000 | O14: =+H14 -> 771000 | AB14: =SUM(I14:AA14) -> 771000 | AC14: =+AB14-F14 -> 0
A15: 2025-05-29 | B15: Содмонгол групп | C15: 2577739 | D15: 9090.91 | E15: 100000 | F15: =+E15-D15 -> 90909.09 | G15: Энгийн | H15: =+F15 -> 90909.09 | I15: =+H15 -> 90909.09 | AB15: =SUM(I15:AA15) -> 90909.09 | AC15: =+AB15-F15 -> 0
A16: 2025-05-28 | B16: Алханатрейд | C16: 2595192 | D16: 10000 | E16: 110000 | F16: =+E16-D16 -> 100000 | G16: Энгийн | H16: =+F16 -> 100000 | I16: =+H16 -> 100000 | AB16: =SUM(I16:AA16) -> 100000 | AC16: =+AB16-F16 -> 0
A17: 2025-05-28 | B17: Глобал инноватив фүүд трэжүр | C17: 6799272 | D17: 26080.36 | E17: 292100 | F17: =+E17-D17 -> 266019.64 | G17: Энгийн | H17: =+F17 -> 266019.64 | K17: =+H17 -> 266019.64 | AB17: =SUM(I17:AA17) -> 266019.64 | AC17: =+AB17-F17 -> 0
A18: 2025-05-28 | B18: ХУЛАНЗАЯА | C18: 2614057 | D18: 963.63636 | E18: 10600 | F18: =+E18-D18 -> 9636.3636 | G18: Энгийн | H18: =+F18 -> 9636.3636 | K18: =+H18 -> 9636.3636 | AB18: =SUM(I18:AA18) -> 9636.3636 | AC18: =+AB18-F18 -> 0
A19: 2025-05-28 | B19: Нарлаг толгод | C19: 8420963 | D19: 6800 | E19: 74800 | F19: =+E19-D19 -> 68000 | G19: Энгийн | H19: =+F19 -> 68000 | I19: =+H19 -> 68000 | AB19: =SUM(I19:AA19) -> 68000 | AC19: =+AB19-F19 -> 0
A20: 2025-05-27 | B20: Алтаннаран од | C20: 5177944 | D20: 28839.29 | E20: 323000 | F20: =+E20-D20 -> 294160.71 | G20: Энгийн | H20: =+F20 -> 294160.71 | N20: =+H20 -> 294160.71 | AB20: =SUM(I20:AA20) -> 294160.71 | AC20: =+AB20-F20 -> 0
A21: 2025-05-27 | B21: Нарлаг толгод | C21: 8420963 | D21: 3372.73 | E21: 37100 | F21: =+E21-D21 -> 33727.27 | G21: Энгийн | H21: =+F21 -> 33727.27 | I21: =+H21 -> 33727.27 | AB21: =SUM(I21:AA21) -> 33727.27 | AC21: =+AB21-F21 -> 0
A22: 2025-05-27 | B22: Нарлаг толгод | C22: 8420963 | D22: 15454.55 | E22: 170000 | F22: =+E22-D22 -> 154545.45 | G22: Энгийн | H22: =+F22 -> 154545.45 | I22: =+H22 -> 154545.45 | AB22: =SUM(I22:AA22) -> 154545.45 | AC22: =+AB22-F22 -> 0
A23: 2025-05-27 | B23: Нарлаг толгод | C23: 8420963 | D23: 15454.55 | E23: 170000 | F23: =+E23-D23 -> 154545.45 | G23: Энгийн | H23: =+F23 -> 154545.45 | I23: =+H23 -> 154545.45 | AB23: =SUM(I23:AA23) -> 154545.45 | AC23: =+AB23-F23 -> 0
A24: 2025-05-27 | B24: Нарлаг толгод | C24: 8420963 | D24: 4727.27 | E24: 52000 | F24: =+E24-D24 -> 47272.73 | G24: Энгийн | H24: =+F24 -> 47272.73 | I24: =+H24 -> 47272.73 | AB24: =SUM(I24:AA24) -> 47272.73 | AC24: =+AB24-F24 -> 0
A25: 2025-05-26 | B25: Гэрлэн сондор | C25: 5970849 | D25: 6818.1818 | E25: 75000 | F25: =+E25-D25 -> 68181.818 | G25: Энгийн | H25: =+F25 -> 68181.818 | K25: =+H25 -> 68181.818 | AB25: =SUM(I25:AA25) -> 68181.818 | AC25: =+AB25-F25 -> 0
A26: 2025-05-26 | B26: Сибкабель энержи | C26: 5391571 | D26: 181818.18 | E26: 2000000 | F26: =+E26-D26 -> 1818181.8 | G26: Энгийн | H26: =+F26 -> 1818181.8 | N26: =+H26 -> 1818181.8 | AB26: =SUM(I26:AA26) -> 1818181.8 | AC26: =+AB26-F26 -> 0
A27: 2025-05-26 | B27: Инвескор ББСБ | C27: 6060854 | D27: 0 | E27: 24813.55 | F27: =+E27-D27 -> 24813.55 | G27: Чөлөөлөгдөх | H27: =+F27 -> 24813.55 | J27: =+H27 -> 24813.55 | AB27: =SUM(I27:AA27) -> 24813.55 | AC27: =+AB27-F27 -> 0
A28: 2025-05-26 | B28: Инвескор ББСБ | C28: 6060854 | D28: 0 | E28: 8944895.8 | F28: =+E28-D28 -> 8944895.8 | G28: Чөлөөлөгдөх | H28: =+F28 -> 8944895.8 | J28: =+H28 -> 8944895.8 | AB28: =SUM(I28:AA28) -> 8944895.8 | AC28: =+AB28-F28 -> 0
A29: 2025-05-24 | B29: Буурал чилсаана | C29: 7013617 | D29: 0 | E29: 30020 | F29: =+E29-D29 -> 30020 | G29: Чөлөөлөгдөх | H29: =+F29 -> 30020 | I29: =+H29 -> 30020 | AB29: =SUM(I29:AA29) -> 30020 | AC29: =+AB29-F29 -> 0
A30: 2025-05-24 | B30: Буурал чилсаана | C30: 7013617 | D30: 15081.006 | E30: 168150 | F30: =+E30-D30 -> 153068.99 | G30: Энгийн | H30: =+F30 -> 153068.99 | I30: =+H30 -> 153068.99 | AB30: =SUM(I30:AA30) -> 153068.99 | AC30: =+AB30-F30 -> 0
A31: 2025-05-24 | B31: Шунхлайтрейдинг | C31: 5506239 | D31: 15120.91 | E31: 166330 | F31: =+E31-D31 -> 151209.09 | G31: Энгийн | H31: =+F31 -> 151209.09 | I31: =+H31 -> 151209.09 | AB31: =SUM(I31:AA31) -> 151209.09 | AC31: =+AB31-F31 -> 0
A32: 2025-05-24 | B32: Синчи газ | C32: 2638126 | D32: 0 | E32: 49500 | F32: =+E32-D32 -> 49500 | G32: Чөлөөлөгдөх | H32: =+F32 -> 49500 | M32: =+H32 -> 49500 | AB32: =SUM(I32:AA32) -> 49500 | AC32: =+AB32-F32 -> 0
A33: 2025-05-23 | B33: АЛТАНЖОЛОО ТРЕЙД | C33: 2057441 | D33: 22434.55 | E33: 246780 | F33: =+E33-D33 -> 224345.45 | G33: Энгийн | H33: =+F33 -> 224345.45 | I33: =+H33 -> 224345.45 | AB33: =SUM(I33:AA33) -> 224345.45 | AC33: =+AB33-F33 -> 0
A34: 2025-05-23 | B34: Нарлаг толгод | C34: 8420963 | D34: 1662.91 | E34: 18292 | F34: =+E34-D34 -> 16629.09 | G34: Энгийн | H34: =+F34 -> 16629.09 | I34: =+H34 -> 16629.09 | AB34: =SUM(I34:AA34) -> 16629.09 | AC34: =+AB34-F34 -> 0
A35: 2025-05-22 | B35: Нарлаг толгод | C35: 8420963 | D35: 1727.27 | E35: 19000 | F35: =+E35-D35 -> 17272.73 | G35: Энгийн | H35: =+F35 -> 17272.73 | I35: =+H35 -> 17272.73 | AB35: =SUM(I35:AA35) -> 17272.73 | AC35: =+AB35-F35 -> 0
A36: 2025-05-22 | B36: Эзэн цахар | C36: 6081193 | D36: 17927.93 | E36: 199000 | F36: =+E36-D36 -> 181072.07 | G36: Энгийн | H36: =+F36 -> 181072.07 | O36: =+H36 -> 181072.07 | AB36: =SUM(I36:AA36) -> 181072.07 | AC36: =+AB36-F36 -> 0
A37: 2025-05-21 | B37: Содмонгол групп | C37: 2577739 | D37: 4545.45 | E37: 50000 | F37: =+E37-D37 -> 45454.55 | G37: Энгийн | H37: =+F37 -> 45454.55 | I37: =+H37 -> 45454.55 | AB37: =SUM(I37:AA37) -> 45454.55 | AC37: =+AB37-F37 -> 0
A38: 2025-05-21 | B38: Нарлаг толгод | C38: 8420963 | D38: 3409.09 | E38: 37500 | F38: =+E38-D38 -> 34090.91 | G38: Энгийн | H38: =+F38 -> 34090.91 | I38: =+H38 -> 34090.91 | AB38: =SUM(I38:AA38) -> 34090.91 | AC38: =+AB38-F38 -> 0
A39: 2025-05-21 | B39: Юнигаз | C39: 2847817 | D39: 0 | E39: 117136 | F39: =+E39-D39 -> 117136 | G39: Чөлөөлөгдөх | H39: =+F39 -> 117136 | I39: =+H39 -> 117136 | AB39: =SUM(I39:AA39) -> 117136 | AC39: =+AB39-F39 -> 0
A40: 2025-05-20 | B40: Мобиком корпораци | C40: 2072572 | D40: 26272.73 | E40: 289000 | F40: =+E40-D40 -> 262727.27 | G40: Энгийн | H40: =+F40 -> 262727.27 | I40: =+H40 -> 262727.27 | AB40: =SUM(I40:AA40) -> 262727.27 | AC40: =+AB40-F40 -> 0
A41: 2025-05-20 | B41: Зул маргад | C41: 6983243 | D41: 2836.3636 | E41: 31200 | F41: =+E41-D41 -> 28363.636 | G41: Энгийн | H41: =+F41 -> 28363.636 | M41: =+H41 -> 28363.636 | AB41: =SUM(I41:AA41) -> 28363.636 | AC41: =+AB41-F41 -> 0
A42: 2025-05-20 | B42: Сибкабель энержи | C42: 5391571 | D42: 577272.73 | E42: 6350000 | F42: =+E42-D42 -> 5772727.3 | G42: Энгийн | H42: =+F42 -> 5772727.3 | N42: =+H42 -> 5772727.3 | AB42: =SUM(I42:AA42) -> 5772727.3 | AC42: =+AB42-F42 -> 0
A43: 2025-05-20 | B43: Бишрэлтхан | C43: 2695251 | D43: 6283.6364 | E43: 69120 | F43: =+E43-D43 -> 62836.364 | G43: Энгийн | H43: =+F43 -> 62836.364 | K43: =+H43 -> 62836.364 | AB43: =SUM(I43:AA43) -> 62836.364 | AC43: =+AB43-F43 -> 0
A44: 2025-05-20 | B44: Бишрэлтхан | C44: 2695251 | D44: 23686.364 | E44: 260550 | F44: =+E44-D44 -> 236863.64 | G44: Энгийн | H44: =+F44 -> 236863.64 | K44: =+H44 -> 236863.64 | AB44: =SUM(I44:AA44) -> 236863.64 | AC44: =+AB44-F44 -> 0
A45: 2025-05-19 | B45: Нарлаг толгод | C45: 8420963 | D45: 3827.27 | E45: 42100 | F45: =+E45-D45 -> 38272.73 | G45: Энгийн | H45: =+F45 -> 38272.73 | I45: =+H45 -> 38272.73 | AB45: =SUM(I45:AA45) -> 38272.73 | AC45: =+AB45-F45 -> 0
A46: 2025-05-19 | B46: Очир ундраа ОМЗ ББСБ | C46: 2734745 | D46: 0 | E46: 3952213.8 | F46: =+E46-D46 -> 3952213.8 | G46: Чөлөөлөгдөх | H46: =+F46 -> 3952213.8 | J46: =+H46 -> 3952213.8 | AB46: =SUM(I46:AA46) -> 3952213.8 | AC46: =+AB46-F46 -> 0
A47: 2025-05-19 | B47: Мөнхийн төгс мичид | C47: 6538703 | D47: 34359.09 | E47: 381200 | F47: =+E47-D47 -> 346840.91 | G47: Энгийн | H47: =+F47 -> 346840.91 | N47: =+H47 -> 346840.91 | AB47: =SUM(I47:AA47) -> 346840.91 | AC47: =+AB47-F47 -> 0
A48: 2025-05-19 | B48: Ариг-Интернэшнл | C48: 2809184 | D48: 3991.0714 | E48: 44700 | F48: =+E48-D48 -> 40708.929 | G48: Энгийн | H48: =+F48 -> 40708.929 | I48: =+H48 -> 40708.929 | AB48: =SUM(I48:AA48) -> 40708.929 | AC48: =+AB48-F48 -> 0
A49: 2025-05-19 | B49: Мон-Инчон | C49: 2848694 | D49: 5000 | E49: 55000 | F49: =+E49-D49 -> 50000 | G49: Энгийн | H49: =+F49 -> 50000 | I49: =+H49 -> 50000 | AB49: =SUM(I49:AA49) -> 50000 | AC49: =+AB49-F49 -> 0
A50: 2025-05-17 | B50: Дашваанжил групп | C50: 2025191 | D50: 0 | E50: 45000 | F50: =+E50-D50 -> 45000 | G50: Чөлөөлөгдөх | H50: =+F50 -> 45000 | M50: =+H50 -> 45000 | AB50: =SUM(I50:AA50) -> 45000 | AC50: =+AB50-F50 -> 0
A51: 2025-05-17 | B51: Нарлаг толгод | C51: 8420963 | D51: 5890.91 | E51: 64800 | F51: =+E51-D51 -> 58909.09 | G51: Энгийн | H51: =+F51 -> 58909.09 | I51: =+H51 -> 58909.09 | AB51: =SUM(I51:AA51) -> 58909.09 | AC51: =+AB51-F51 -> 0
A52: 2025-05-16 | B52: Премиум палас | C52: 5933463 | D52: 42830.09 | E52: 479697 | F52: =+E52-D52 -> 436866.91 | G52: Энгийн | H52: =+F52 -> 436866.91 | I52: =+H52 -> 436866.91 | AB52: =SUM(I52:AA52) -> 436866.91 | AC52: =+AB52-F52 -> 0
A53: 2025-05-16 | B53: МТ хан-уул | C53: 2779188 | D53: 2613.64 | E53: 28750 | F53: =+E53-D53 -> 26136.36 | G53: Энгийн | H53: =+F53 -> 26136.36 | I53: =+H53 -> 26136.36 | AB53: =SUM(I53:AA53) -> 26136.36 | AC53: =+AB53-F53 -> 0
A54: 2025-05-16 | B54: МТ хан-уул | C54: 2779188 | D54: 2613.64 | E54: 28750 | F54: =+E54-D54 -> 26136.36 | G54: Энгийн | H54: =+F54 -> 26136.36 | I54: =+H54 -> 26136.36 | AB54: =SUM(I54:AA54) -> 26136.36 | AC54: =+AB54-F54 -> 0
A55: 2025-05-16 | B55: Бат сэмжид | C55: 6835163 | D55: 13150 | E55: 144650 | F55: =+E55-D55 -> 131500 | G55: Энгийн | H55: =+F55 -> 131500 | N55: =+H55 -> 131500 | AB55: =SUM(I55:AA55) -> 131500 | AC55: =+AB55-F55 -> 0
A56: 2025-05-16 | B56: Янгирхайрхан | C56: 2590905 | D56: 3827.2727 | E56: 42100 | F56: =+E56-D56 -> 38272.727 | G56: Энгийн | H56: =+F56 -> 38272.727 | K56: =+H56 -> 38272.727 | AB56: =SUM(I56:AA56) -> 38272.727 | AC56: =+AB56-F56 -> 0
A57: 2025-05-16 | B57: Монмийт трейд | C57: 5136113 | D57: 0 | E57: 35862 | F57: =+E57-D57 -> 35862 | G57: Чөлөөлөгдөх | H57: =+F57 -> 35862 | K57: =+H57 -> 35862 | AB57: =SUM(I57:AA57) -> 35862 | AC57: =+AB57-F57 -> 0
A58: 2025-05-16 | B58: Монмийт трейд | C58: 5136113 | D58: 0 | E58: 238000 | F58: =+E58-D58 -> 238000 | G58: Чөлөөлөгдөх | H58: =+F58 -> 238000 | K58: =+H58 -> 238000 | AB58: =SUM(I58:AA58) -> 238000 | AC58: =+AB58-F58 -> 0
A59: 2025-05-16 | B59: ИДЭШ ЭРИНДАВАА | C59: ПБ70012433 | D59: 0 | E59: 128000 | F59: =+E59-D59 -> 128000 | G59: Энгийн | H59: =+F59 -> 128000 | M59: =+H59 -> 128000 | AB59: =SUM(I59:AA59) -> 128000 | AC59: =+AB59-F59 -> 0
A60: 2025-05-16 | B60: ИДЭШ ЭРИНДАВАА | C60: ПБ70012433 | D60: 0 | E60: 40870 | F60: =+E60-D60 -> 40870 | G60: Энгийн | H60: =+F60 -> 40870 | I60: =+H60 -> 40870 | AB60: =SUM(I60:AA60) -> 40870 | AC60: =+AB60-F60 -> 0
A61: 2025-05-16 | B61: Дашваанжил групп | C61: 2025191 | D61: 0 | E61: 80000 | F61: =+E61-D61 -> 80000 | G61: Чөлөөлөгдөх | H61: =+F61 -> 80000 | M61: =+H61 -> 80000 | AB61: =SUM(I61:AA61) -> 80000 | AC61: =+AB61-F61 -> 0
A62: 2025-05-15 | B62: Синчи-Ойл | C62: 2588617 | D62: 4545.45 | E62: 50000 | F62: =+E62-D62 -> 45454.55 | G62: Энгийн | H62: =+F62 -> 45454.55 | I62: =+H62 -> 45454.55 | AB62: =SUM(I62:AA62) -> 45454.55 | AC62: =+AB62-F62 -> 0
A63: 2025-05-14 | B63: Янгирхайрхан | C63: 2590905 | D63: 7954.5455 | E63: 87500 | F63: =+E63-D63 -> 79545.455 | G63: Энгийн | H63: =+F63 -> 79545.455 | K63: =+H63 -> 79545.455 | AB63: =SUM(I63:AA63) -> 79545.455 | AC63: =+AB63-F63 -> 0
F64: =+E64-D64 -> 0 | AB64: =SUM(I64:AA64) -> 0 | AC64: =+AB64-F64 -> 0
AC65: =SUM(AC67:AC223) -> 0

Sheet 6
G1: 11,097.86₮
D2: 547,910.71₮ | E2: 18,905,233.76₮ | F2: 18,357,323.05₮
A3: Сар | B3: Харилцагчийн нэр | C3: Харилцагчийн ТТД | D3: НӨАТ | E3: Цэвэр дүн | F3: Нийт дүн | G3: Татварын төрөл | H3: Нийт Зардал | I3: Оффис хангамж | J3: Зээл | K3: Хүнс / кэмп | L3: ХАБ | M3: Хангамж | N3: Засварт | O3: Сэлбэг | P3: Түлш | Q3: Тос тосолгоо | R3: Цалин | S3: НӨӨЦ ашигласны төлбөр | T3: торгууль | U3: Лиценз | V3: Нийгмийн Хариуцлага | W3: Нөхөн сэргэлтийн төлбөр | X3: хогны төлбөр | Y3: газрын төлбөр | Z3: Суутган | AA3: НДШ | AB3: нийт зардал | AC3: Зардлын зөрүү
D4: =SUM(D6:D162) -> 547910.71 | E4: =SUM(E6:E162) -> 18916332 | F4: =SUM(F6:F162) -> 18368421 | H4: =+AB4 -> 18368421 | I4: =SUM(I6:I162) -> 1384888.3 | J4: =SUM(J6:J162) -> 11037836 | K4: =SUM(K6:K162) -> 1309382.4 | L4: =SUM(L6:L162) -> 0 | M4: =SUM(M6:M162) -> 414309.09 | N4: =SUM(N6:N162) -> 220000 | O4: =SUM(O6:O162) -> 0 | P4: =SUM(P6:P162) -> 1353641.8 | ... AA4: =SUM(AA6:AA162) -> 0 | AB4: =SUM(I4:AA4) -> 18368421 | AC4: =SUM(AC6:AC162) -> 0
F5: 1 | I5: =+I4/$H$4 -> 0.075395065 | K5: =+K4/$H$4 -> 0.07128443 | L5: =+L4/$H$4 -> 0 | M5: =+M4/$H$4 -> 0.022555509 | N5: =+N4/$H$4 -> 0.011977077 | O5: =+O4/$H$4 -> 0 | P5: =+P4/$H$4 -> 0.073693969 | Q5: =+Q4/$H$4 -> 0.14418026 | R5: =+R4/$H$4 -> 0 | ... AC5: =+AC4/$H$4 -> 0
A6: 2025-06-30 | B6: Худалдаа хөгжлийн банк | C6: 2635534 | D6: 0 | E6: 1000 | F6: =+E6-D6 -> 1000 | G6: Чөлөөлөгдөх | H6: =+F6 -> 1000 | I6: =+H6 -> 1000 | AB6: =SUM(I6:AA6) -> 1000 | AC6: =+AB6-H6 -> 0 | AD6: Нөат
A7: 2025-06-30 | B7: Петростар | C7: 5241901 | D7: 4545.45 | E7: 50000 | F7: =+E7-D7 -> 45454.55 | G7: Энгийн | H7: =+F7 -> 45454.55 | P7: =+H7 -> 45454.55 | AB7: =SUM(I7:AA7) -> 45454.55 | AC7: =+AB7-H7 -> 0 | AD7: Нөат
A8: 2025-06-30 | B8: ХААН банк | C8: 2693321 | D8: 0 | E8: 2000 | F8: =+E8-D8 -> 2000 | G8: Чөлөөлөгдөх | H8: =+F8 -> 2000 | I8: =+H8 -> 2000 | AB8: =SUM(I8:AA8) -> 2000 | AC8: =+AB8-H8 -> 0 | AD8: Нөат
A9: 2025-06-29 | B9: Сүү | C9: 2077108 | D9: 0 | E9: 4900 | F9: =+E9-D9 -> 4900 | G9: Чөлөөлөгдөх | H9: =+F9 -> 4900 | K9: =+H9 -> 4900 | AB9: =SUM(I9:AA9) -> 4900 | AC9: =+AB9-H9 -> 0 | AD9: Нөат
A10: 2025-06-29 | B10: Сүү | C10: 2077108 | D10: 1327.27 | E10: 14600 | F10: =+E10-D10 -> 13272.73 | G10: Энгийн | H10: =+F10 -> 13272.73 | K10: =+H10 -> 13272.73 | AB10: =SUM(I10:AA10) -> 13272.73 | AC10: =+AB10-H10 -> 0 | AD10: Нөат
A11: 2025-06-29 | B11: Максхүнс | C11: 5046688 | D11: 11372.73 | E11: 125100 | F11: =+E11-D11 -> 113727.27 | G11: Энгийн | H11: =+F11 -> 113727.27 | K11: =+H11 -> 113727.27 | AB11: =SUM(I11:AA11) -> 113727.27 | AC11: =+AB11-H11 -> 0 | AD11: Нөат
A12: 2025-06-29 | B12: Шунхлайтрейдинг | C12: 5506239 | D12: 2727.27 | E12: 30000 | F12: =+E12-D12 -> 27272.73 | G12: Энгийн | H12: =+F12 -> 27272.73 | P12: =+H12 -> 27272.73 | AB12: =SUM(I12:AA12) -> 27272.73 | AC12: =+AB12-H12 -> 0 | AD12: Нөат
A13: 2025-06-29 | B13: Синчи газ | C13: 2638126 | D13: 0 | E13: 49500 | F13: =+E13-D13 -> 49500 | G13: Чөлөөлөгдөх | H13: =+F13 -> 49500 | M13: =+H13 -> 49500 | AB13: =SUM(I13:AA13) -> 49500 | AC13: =+AB13-H13 -> 0 | AD13: Нөат
A14: 2025-06-27 | B14: Эрхэмхангай | C14: 5430836 | D14: 7200 | E14: 79200 | F14: =+E14-D14 -> 72000 | G14: Энгийн | H14: =+F14 -> 72000 | K14: =+H14 -> 72000 | AB14: =SUM(I14:AA14) -> 72000 | AC14: =+AB14-H14 -> 0 | AD14: Нөат
A15: 2025-06-26 | B15: Дашваанжил групп | C15: 2025191 | D15: 0 | E15: 60000 | F15: =+E15-D15 -> 60000 | G15: Чөлөөлөгдөх | H15: =+F15 -> 60000 | M15: =+H15 -> 60000 | AB15: =SUM(I15:AA15) -> 60000 | AC15: =+AB15-H15 -> 0 | AD15: Нөат
A16: 2025-06-26 | B16: Содмонгол групп | C16: 2577739 | D16: 13636.36 | E16: 150000 | F16: =+E16-D16 -> 136363.64 | G16: Энгийн | H16: =+F16 -> 136363.64 | P16: =+H16 -> 136363.64 | AB16: =SUM(I16:AA16) -> 136363.64 | AC16: =+AB16-H16 -> 0 | AD16: Нөат
A17: 2025-06-25 | B17: Алханатрейд | C17: 2595192 | D17: 4545.45 | E17: 50000 | F17: =+E17-D17 -> 45454.55 | G17: Энгийн | H17: =+F17 -> 45454.55 | P17: =+H17 -> 45454.55 | AB17: =SUM(I17:AA17) -> 45454.55 | AC17: =+AB17-H17 -> 0 | AD17: Нөат
A18: 2025-06-25 | B18: Очир ундраа ОМЗ ББСБ | C18: 2734745 | D18: 0 | E18: 226.54 | F18: =+E18-D18 -> 226.54 | G18: Чөлөөлөгдөх | H18: =+F18 -> 226.54 | J18: =+H18 -> 226.54 | AB18: =SUM(I18:AA18) -> 226.54 | AC18: =+AB18-H18 -> 0 | AD18: Нөат
A19: 2025-06-25 | B19: Инвескор ББСБ | C19: 6060854 | D19: 0 | E19: 48908.49 | F19: =+E19-D19 -> 48908.49 | G19: Чөлөөлөгдөх | H19: =+F19 -> 48908.49 | J19: =+H19 -> 48908.49 | AB19: =SUM(I19:AA19) -> 48908.49 | AC19: =+AB19-H19 -> 0 | AD19: Нөат
A20: 2025-06-25 | B20: Инвескор ББСБ | C20: 6060854 | D20: 0 | E20: 9055567.1 | F20: =+E20-D20 -> 9055567.1 | G20: Чөлөөлөгдөх | H20: =+F20 -> 9055567.1 | J20: =+H20 -> 9055567.1 | AB20: =SUM(I20:AA20) -> 9055567.1 | AC20: =+AB20-H20 -> 0 | AD20: Нөат
A21: 2025-06-25 | B21: Аж-Эрдэнэ | C21: 2876256 | D21: 9000 | E21: 99000 | F21: =+E21-D21 -> 90000 | G21: Энгийн | H21: =+F21 -> 90000 | N21: =+H21 -> 90000 | AB21: =SUM(I21:AA21) -> 90000 | AC21: =+AB21-H21 -> 0 | AD21: Нөат
A22: 2025-06-25 | B22: Аж-Эрдэнэ | C22: 2876256 | D22: 13000 | E22: 143000 | F22: =+E22-D22 -> 130000 | G22: Энгийн | H22: =+F22 -> 130000 | N22: =+H22 -> 130000 | AB22: =SUM(I22:AA22) -> 130000 | AC22: =+AB22-H22 -> 0 | AD22: Нөат
A23: 2025-06-25 | B23: Солюшн ойл | C23: 6584055 | D23: 82700 | E23: 909700 | F23: =+E23-D23 -> 827000 | G23: Энгийн | H23: =+F23 -> 827000 | Q23: =+H23 -> 827000 | AB23: =SUM(I23:AA23) -> 827000 | AC23: =+AB23-H23 -> 0 | AD23: Нөат
A24: 2025-06-24 | B24: МТ петролиум | C24: 5043913 | D24: 4545.4545 | E24: 50000 | F24: =+E24-D24 -> 45454.545 | G24: Энгийн | H24: =+F24 -> 45454.545 | P24: =+H24 -> 45454.545 | AB24: =SUM(I24:AA24) -> 45454.545 | AC24: =+AB24-H24 -> 0 | AD24: Нөат
A25: 2025-06-24 | B25: Зул маргад | C25: 6983243 | D25: 3290.9091 | E25: 36200 | F25: =+E25-D25 -> 32909.091 | G25: Энгийн | H25: =+F25 -> 32909.091 | I25: =+H25 -> 32909.091 | AB25: =SUM(I25:AA25) -> 32909.091 | AC25: =+AB25-H25 -> 0 | AD25: Нөат
A26: 2025-06-24 | B26: Монос-Улаанбаатар | C26: 2708558 | D26: 1820.91 | E26: 20030 | F26: =+E26-D26 -> 18209.09 | G26: Энгийн | H26: =+F26 -> 18209.09 | I26: =+H26 -> 18209.09 | AB26: =SUM(I26:AA26) -> 18209.09 | AC26: =+AB26-H26 -> 0 | AD26: Нөат
A27: 2025-06-24 | B27: Нарлаг толгод | C27: 8420963 | D27: 18356.17 | E27: 203900 | F27: =+E27-D27 -> 185543.83 | G27: Энгийн | H27: =+F27 -> 185543.83 | I27: =+H27 -> 185543.83 | AB27: =SUM(I27:AA27) -> 185543.83 | AC27: =+AB27-H27 -> 0 | AD27: Нөат
A28: 2025-06-23 | B28: Хаянхярваа ОЮУНТУЯА | C28: УЮ87072401 | D28: 182136.36 | E28: 2003500 | F28: =+E28-D28 -> 1821363.6 | G28: Энгийн | H28: =+F28 -> 1821363.6 | Q28: =+H28 -> 1821363.6 | AB28: =SUM(I28:AA28) -> 1821363.6 | AC28: =+AB28-H28 -> 0 | AD28: Нөат
A29: 2025-06-22 | B29: Алханатрейд | C29: 2595192 | D29: 3636.36 | E29: 40000 | F29: =+E29-D29 -> 36363.64 | G29: Энгийн | H29: =+F29 -> 36363.64 | P29: =+H29 -> 36363.64 | AB29: =SUM(I29:AA29) -> 36363.64 | AC29: =+AB29-H29 -> 0 | AD29: Нөат
A30: 2025-06-22 | B30: Синчи газ | C30: 2638126 | D30: 0 | E30: 49500 | F30: =+E30-D30 -> 49500 | G30: Чөлөөлөгдөх | H30: =+F30 -> 49500 | M30: =+H30 -> 49500 | AB30: =SUM(I30:AA30) -> 49500 | AC30: =+AB30-H30 -> 0 | AD30: Нөат
A31: 2025-06-22 | B31: Мобиком корпораци | C31: 2072572 | D31: 2263.64 | E31: 24900 | F31: =+E31-D31 -> 22636.36 | G31: Энгийн | H31: =+F31 -> 22636.36 | I31: =+H31 -> 22636.36 | AB31: =SUM(I31:AA31) -> 22636.36 | AC31: =+AB31-H31 -> 0 | AD31: Нөат
A32: 2025-06-21 | B32: Шунхлайтрейдинг | C32: 5506239 | D32: 4545.45 | E32: 50000 | F32: =+E32-D32 -> 45454.55 | G32: Энгийн | H32: =+F32 -> 45454.55 | P32: =+H32 -> 45454.55 | AB32: =SUM(I32:AA32) -> 45454.55 | AC32: =+AB32-H32 -> 0 | AD32: Нөат
A33: 2025-06-20 | B33: Ньюбулл | C33: 2679396 | D33: 20401.786 | E33: 228500 | F33: =+E33-D33 -> 208098.21 | G33: Энгийн | H33: =+F33 -> 208098.21 | I33: =+H33 -> 208098.21 | AB33: =SUM(I33:AA33) -> 208098.21 | AC33: =+AB33-H33 -> 0 | AD33: Нөат
A34: 2025-06-20 | B34: Баян өндөр констракшн | C34: 6260063 | D34: 14090.91 | E34: 155000 | F34: =+E34-D34 -> 140909.09 | G34: Энгийн | H34: =+F34 -> 140909.09 | I34: =+H34 -> 140909.09 | AB34: =SUM(I34:AA34) -> 140909.09 | AC34: =+AB34-H34 -> 0 | AD34: Нөат
A35: 2025-06-20 | B35: Мобиком корпораци | C35: 2072572 | D35: 2909.09 | E35: 32000 | F35: =+E35-D35 -> 29090.91 | G35: Энгийн | H35: =+F35 -> 29090.91 | I35: =+H35 -> 29090.91 | AB35: =SUM(I35:AA35) -> 29090.91 | AC35: =+AB35-H35 -> 0 | AD35: Нөат
A36: 2025-06-20 | B36: Нарлаг толгод | C36: 8420963 | D36: 3145.45 | E36: 34600 | F36: =+E36-D36 -> 31454.55 | G36: Энгийн | H36: =+F36 -> 31454.55 | I36: =+H36 -> 31454.55 | AB36: =SUM(I36:AA36) -> 31454.55 | AC36: =+AB36-H36 -> 0 | AD36: Нөат
A37: 2025-06-17 | B37: Хулст толгой | C37: 6025587 | D37: 4331.82 | E37: 47650 | F37: =+E37-D37 -> 43318.18 | G37: Энгийн | H37: =+F37 -> 43318.18 | K37: =+H37 -> 43318.18 | AB37: =SUM(I37:AA37) -> 43318.18 | AC37: =+AB37-H37 -> 0 | AD37: Нөат
A38: 2025-06-16 | B38: Синчи газ | C38: 2638126 | D38: 0 | E38: 49500 | F38: =+E38-D38 -> 49500 | G38: Чөлөөлөгдөх | H38: =+F38 -> 49500 | M38: =+H38 -> 49500 | AB38: =SUM(I38:AA38) -> 49500 | AC38: =+AB38-H38 -> 0 | AD38: Нөат
A39: 2025-06-15 | B39: Найманталт уул | C39: 5057884 | D39: 9000 | E39: 99000 | F39: =+E39-D39 -> 90000 | G39: Энгийн | H39: =+F39 -> 90000 | K39: =+H39 -> 90000 | AB39: =SUM(I39:AA39) -> 90000 | AC39: =+AB39-H39 -> 0 | AD39: Нөат
A40: 2025-06-15 | B40: Монмийт трейд | C40: 5136113 | D40: 0 | E40: 290360 | F40: =+E40-D40 -> 290360 | G40: Чөлөөлөгдөх | H40: =+F40 -> 290360 | K40: =+H40 -> 290360 | AB40: =SUM(I40:AA40) -> 290360 | AC40: =+AB40-H40 -> 0 | AD40: Нөат
A41: 2025-06-14 | B41: Содмонгол групп | C41: 2577739 | D41: 16818.55 | E41: 185004 | F41: =+E41-D41 -> 168185.45 | G41: Энгийн | H41: =+F41 -> 168185.45 | P41: =+H41 -> 168185.45 | AB41: =SUM(I41:AA41) -> 168185.45 | AC41: =+AB41-H41 -> 0 | AD41: Нөат
A42: 2025-06-14 | B42: Дашваанжил групп | C42: 2025191 | D42: 0 | E42: 57900 | F42: =+E42-D42 -> 57900 | G42: Чөлөөлөгдөх | H42: =+F42 -> 57900 | M42: =+H42 -> 57900 | AB42: =SUM(I42:AA42) -> 57900 | AC42: =+AB42-H42 -> 0 | AD42: Нөат
A43: 2025-06-14 | B43: Наран Жи энд Эм | C43: 6523668 | D43: 0 | E43: 61520 | F43: =+E43-D43 -> 61520 | G43: Энгийн | H43: =+F43 -> 61520 | K43: =+H43 -> 61520 | AB43: =SUM(I43:AA43) -> 61520 | AC43: =+AB43-H43 -> 0 | AD43: Нөат
A44: 2025-06-13 | B44: Синчи-Ойл | C44: 2588617 | D44: 4545.45 | E44: 50000 | F44: =+E44-D44 -> 45454.55 | G44: Энгийн | H44: =+F44 -> 45454.55 | P44: =+H44 -> 45454.55 | AB44: =SUM(I44:AA44) -> 45454.55 | AC44: =+AB44-H44 -> 0 | AD44: Нөат
A45: 2025-06-13 | B45: ШИЖИРБААТАР ОЮУНГЭРЭЛ | C45: НО98071909 | D45: 0 | E45: 411600 | F45: =+E45-D45 -> 411600 | G45: Энгийн | H45: =+F45 -> 411600 | K45: =+H45 -> 411600 | AB45: =SUM(I45:AA45) -> 411600 | AC45: =+AB45-H45 -> 0 | AD45: Нөат
A46: 2025-06-12 | B46: Ундарга-Увс | C46: 2553848 | D46: 4545.45 | E46: 50000 | F46: =+E46-D46 -> 45454.55 | G46: Энгийн | H46: =+F46 -> 45454.55 | K46: =+H46 -> 45454.55 | AB46: =SUM(I46:AA46) -> 45454.55 | AC46: =+AB46-H46 -> 0 | AD46: Нөат
A47: 2025-06-12 | B47: Мөнгөтхад | C47: 2788926 | D47: 10633.04 | E47: 119090 | F47: =+E47-D47 -> 108456.96 | G47: Энгийн | H47: =+F47 -> 108456.96 | K47: =+H47 -> 108456.96 | AB47: =SUM(I47:AA47) -> 108456.96 | AC47: =+AB47-H47 -> 0 | AD47: Нөат
A48: 2025-06-12 | B48: Дашваанжил групп | C48: 2025191 | D48: 0 | E48: 50000 | F48: =+E48-D48 -> 50000 | G48: Чөлөөлөгдөх | H48: =+F48 -> 50000 | M48: =+H48 -> 50000 | AB48: =SUM(I48:AA48) -> 50000 | AC48: =+AB48-H48 -> 0 | AD48: Нөат
A49: 2025-06-12 | B49: ЖАДАМБА ОТГОНСҮРЭН | C49: ШЖ76112907 | D49: 0 | E49: 27500 | F49: =+E49-D49 -> 27500 | G49: Энгийн | H49: =+F49 -> 27500 | K49: =+H49 -> 27500 | AB49: =SUM(I49:AA49) -> 27500 | AC49: =+AB49-H49 -> 0 | AD49: Нөат
A50: 2025-06-12 | B50: Петростар | C50: 5241901 | D50: 9090.91 | E50: 100000 | F50: =+E50-D50 -> 90909.09 | G50: Энгийн | H50: =+F50 -> 90909.09 | P50: =+H50 -> 90909.09 | AB50: =SUM(I50:AA50) -> 90909.09 | AC50: =+AB50-H50 -> 0 | AD50: Нөат
A51: 2025-06-11 | B51: Монсуль | C51: 2794241 | D51: 1090.91 | E51: 12000 | F51: =+E51-D51 -> 10909.09 | G51: Энгийн | H51: =+F51 -> 10909.09 | P51: =+H51 -> 10909.09 | AB51: =SUM(I51:AA51) -> 10909.09 | AC51: =+AB51-H51 -> 0 | AD51: Нөат
A52: 2025-06-09 | B52: Таван богд фүүдс пицца | C52: 5803403 | D52: 4909.09 | E52: 54000 | F52: =+E52-D52 -> 49090.91 | G52: Энгийн | H52: =+F52 -> 49090.91 | I52: =+H52 -> 49090.91 | AB52: =SUM(I52:AA52) -> 49090.91 | AC52: =+AB52-H52 -> 0 | AD52: Нөат
A53: 2025-06-09 | B53: Монгол Зөвлөлтийн хувь нийлүүлсэн нийгэмлэг Улаанбаатар төмөр зам | C53: 2076675 | D53: 0 | E53: 257800 | F53: =+E53-D53 -> 257800 | G53: Энгийн | H53: =+F53 -> 257800 | I53: =+H53 -> 257800 | AB53: =SUM(I53:AA53) -> 257800 | AC53: =+AB53-H53 -> 0 | AD53: Нөат
A54: 2025-06-09 | B54: Монгол Зөвлөлтийн хувь нийлүүлсэн нийгэмлэг Улаанбаатар төмөр зам | C54: 2076675 | D54: 0 | E54: 257800 | F54: =+E54-D54 -> 257800 | G54: Энгийн | H54: =+F54 -> 257800 | I54: =+H54 -> 257800 | AB54: =SUM(I54:AA54) -> 257800 | AC54: =+AB54-H54 -> 0 | AD54: Нөат
A55: 2025-06-09 | B55: ГАНБАТ ЦЭНДДУЛАМ | C55: НЩ96091607 | D55: 2727.27 | E55: 30000 | F55: =+E55-D55 -> 27272.73 | G55: Энгийн | H55: =+F55 -> 27272.73 | K55: =+H55 -> 27272.73 | AB55: =SUM(I55:AA55) -> 27272.73 | AC55: =+AB55-H55 -> 0 | AD55: Нөат
A56: 2025-06-09 | B56: Очир ундраа ОМЗ ББСБ | C56: 2734745 | D56: 0 | E56: 1933133.5 | F56: =+E56-D56 -> 1933133.5 | G56: Чөлөөлөгдөх | H56: =+F56 -> 1933133.5 | J56: =+H56 -> 1933133.5 | AB56: =SUM(I56:AA56) -> 1933133.5 | AC56: =+AB56-H56 -> 0 | AD56: Нөат
A57: 2025-06-09 | B57: Зул маргад | C57: 6983243 | D57: 640.90909 | E57: 7050 | F57: =+E57-D57 -> 6409.0909 | G57: Энгийн | H57: =+F57 -> 6409.0909 | M57: =+H57 -> 6409.0909 | AB57: =SUM(I57:AA57) -> 6409.0909 | AC57: =+AB57-H57 -> 0 | AD57: Нөат
A58: 2025-06-07 | B58: Шунхлайтрейдинг | C58: 5506239 | D58: 4545.45 | E58: 50000 | F58: =+E58-D58 -> 45454.55 | G58: Энгийн | H58: =+F58 -> 45454.55 | P58: =+H58 -> 45454.55 | AB58: =SUM(I58:AA58) -> 45454.55 | AC58: =+AB58-H58 -> 0 | AD58: Нөат
A59: 2025-06-06 | B59: Петростар | C59: 5241901 | D59: 14545.45 | E59: 160000 | F59: =+E59-D59 -> 145454.55 | G59: Энгийн | H59: =+F59 -> 145454.55 | P59: =+H59 -> 145454.55 | AB59: =SUM(I59:AA59) -> 145454.55 | AC59: =+AB59-H59 -> 0 | AD59: Нөат
A60: 2025-06-04 | B60: Мөби ойл | C60: 6688187 | D60: 5818.18 | E60: 64000 | F60: =+E60-D60 -> 58181.82 | G60: Энгийн | H60: =+F60 -> 58181.82 | P60: =+H60 -> 58181.82 | AB60: =SUM(I60:AA60) -> 58181.82 | AC60: =+AB60-H60 -> 0 | AD60: Нөат
A61: 2025-06-04 | B61: Тод ойл | C61: 6415636 | D61: 9090.91 | E61: 100000 | F61: =+E61-D61 -> 90909.09 | G61: Энгийн | H61: =+F61 -> 90909.09 | P61: =+H61 -> 90909.09 | AB61: =SUM(I61:AA61) -> 90909.09 | AC61: =+AB61-H61 -> 0 | AD61: Нөат
A62: 2025-06-03 | B62: Юнигаз | C62: 2847817 | D62: 0 | E62: 80000 | F62: =+E62-D62 -> 80000 | G62: Чөлөөлөгдөх | H62: =+F62 -> 80000 | P62: =+H62 -> 80000 | AB62: =SUM(I62:AA62) -> 80000 | AC62: =+AB62-H62 -> 0 | AD62: Нөат
A63: 2025-06-03 | B63: Юнигаз | C63: 2847817 | D63: 0 | E63: 80000 | F63: =+E63-D63 -> 80000 | G63: Чөлөөлөгдөх | H63: =+F63 -> 80000 | P63: =+H63 -> 80000 | AB63: =SUM(I63:AA63) -> 80000 | AC63: =+AB63-H63 -> 0 | AD63: Нөат
A64: 2025-06-02 | B64: Шунхлайтрейдинг | C64: 5506239 | D64: 15636.55 | E64: 172002 | F64: =+E64-D64 -> 156365.45 | G64: Энгийн | H64: =+F64 -> 156365.45 | P64: =+H64 -> 156365.45 | AB64: =SUM(I64:AA64) -> 156365.45 | AC64: =+AB64-H64 -> 0 | AD64: Нөат
A65: 2025-06-01 | B65: Виниато | C65: 6211089 | D65: 4200 | E65: 46200 | F65: =+E65-D65 -> 42000 | G65: Энгийн | H65: =+F65 -> 42000 | M65: =+H65 -> 42000 | AB65: =SUM(I65:AA65) -> 42000 | AC65: =+AB65-H65 -> 0 | AD65: Нөат
A66: 2025-06-01 | B66: Мидори соогэн | C66: 8378347 | D66: 14543.75 | E66: 162890 | F66: =+E66-D66 -> 148346.25 | G66: Энгийн | H66: =+F66 -> 148346.25 | I66: =+H66 -> 148346.25 | AB66: =SUM(I66:AA66) -> 148346.25 | AC66: =+AB66-H66 -> 0 | AD66: Нөат
A67: 2025-06-01 | B67: Синчи газ | C67: 2638126 | D67: 0 | E67: 49500 | F67: =+E67-D67 -> 49500 | G67: Чөлөөлөгдөх | H67: =+F67 -> 49500 | M67: =+H67 -> 49500 | AB67: =SUM(I67:AA67) -> 49500 | AC67: =+AB67-H67 -> 0 | AD67: Нөат
AB68: =SUM(I68:AA68) -> 0 | AC68: =+AB68-H68 -> 0 | AD68: Нөат

Sheet 7
G1: 28,992.65₮ | I1: НӨАТ | J1: 40161420 | K1: =+J2+J1 -> 72402856
D2: 2,110,895.69₮ | E2: 40,162,427.78₮ | F2: 38,051,532.09₮ | J2: 32241436
A3: Сар | B3: Харилцагчийн нэр | C3: Харилцагчийн ТТД | D3: НӨАТ | E3: Цэвэр дүн | F3: Нийт дүн | G3: Татварын төрөл | H3: Нийт Зардал | I3: Оффис хангамж | J3: Зээл | K3: Хүнс / кэмп | L3: ХАБ | M3: Хангамж | N3: Засварт | O3: Сэлбэг | P3: Түлш | Q3: Тос тосолгоо | R3: Цалин | S3: НӨӨЦ ашигласны төлбөр | T3: торгууль | U3: Лиценз | V3: Нийгмийн Хариуцлага | W3: Нөхөн сэргэлтийн төлбөр | X3: хогны төлбөр | Y3: газрын төлбөр | Z3: Суутган | AA3: НДШ | AB3: нийт зардал | AC3: Зардлын зөрүү | AD3: нөат
D4: =SUM(D6:D145) -> 2110895.7 | E4: =SUM(E6:E145) -> 40191422 | F4: =SUM(F6:F145) -> 38080556 | H4: =SUM(H6:H436) -> 72430129 | I4: =SUM(I6:I436) -> 10629018 | J4: =SUM(J6:J436) -> 20042925 | K4: =SUM(K6:K436) -> 3561661 | L4: =SUM(L6:L436) -> 392000 | M4: =SUM(M6:M436) -> 6844350 | N4: =SUM(N6:N436) -> 10373800 | O4: =SUM(O6:O436) -> 11354900 | ... AA4: =SUM(AA6:AA436) -> 0 | AB4: =SUM(I4:AA4) -> 72430129 | AC4: =SUM(AC6:AC145) -> 0
F5: 1 | I5: =+I4/$H$4 -> 0.14674857 | K5: =+K4/$H$4 -> 0.049173749 | L5: =+L4/$H$4 -> 0.0054121124 | M5: =+M4/$H$4 -> 0.094495897 | N5: =+N4/$H$4 -> 0.14322493 | O5: =+O4/$H$4 -> 0.1567704 | P5: =+P4/$H$4 -> 0.076162707 | Q5: =+Q4/$H$4 -> 0.043006965 | R5: =+R4/$H$4 -> 0 | ... AC5: =+AC4/$H$4 -> 0
A6: 2025-07-01 | B6: Капитронбанк | C6: 2677377 | D6: 0 | E6: 2000 | F6: 2000 | G6: Чөлөөлөгдөх | H6: =+E6 -> 2000 | I6: 2000 | AB6: =SUM(I6:AA6) -> 2000 | AC6: =+AB6-H6 -> 0 | AD6: нөат
A7: 2025-07-01 | B7: Синчи-Ойл | C7: 2588617 | D7: 2727.27 | E7: 30000 | F7: 27272.73 | G7: Энгийн | H7: =+E7 -> 30000 | P7: =+H7 -> 30000 | AB7: =SUM(I7:AA7) -> 30000 | AC7: =+AB7-H7 -> 0 | AD7: нөат
A8: 2025-07-01 | B8: Синчи-Ойл | C8: 2588617 | D8: 2727.27 | E8: 30000 | F8: 27272.73 | G8: Энгийн | H8: =+E8 -> 30000 | P8: =+H8 -> 30000 | AB8: =SUM(I8:AA8) -> 30000 | AC8: =+AB8-H8 -> 0 | AD8: нөат
A9: 2025-07-01 | B9: Алтан их бүс | C9: 5922321 | D9: 2727.27 | E9: 30000 | F9: 27272.73 | G9: Энгийн | H9: =+E9 -> 30000 | O9: =+H9 -> 30000 | AB9: =SUM(I9:AA9) -> 30000 | AC9: =+AB9-H9 -> 0 | AD9: нөат
A10: 2025-07-01 | B10: Шунхлайтрейдинг | C10: 5506239 | D10: 7386.73 | E10: 81254 | F10: 73867.27 | G10: Энгийн | H10: =+E10 -> 81254 | P10: =+H10 -> 81254 | AB10: =SUM(I10:AA10) -> 81254 | AC10: =+AB10-H10 -> 0 | AD10: нөат
A11: 2025-07-01 | B11: Дэ булл хот пот | C11: 7045057 | D11: 35062.5 | E11: 392700 | F11: 357637.5 | G11: Энгийн | H11: =+E11 -> 392700 | I11: =+H11 -> 392700 | AB11: =SUM(I11:AA11) -> 392700 | AC11: =+AB11-H11 -> 0 | AD11: нөат
A12: 2025-07-02 | B12: Синчи-Ойл | C12: 2588617 | D12: 4545.45 | E12: 50000 | F12: 45454.55 | G12: Энгийн | H12: =+E12 -> 50000 | P12: =+H12 -> 50000 | AB12: =SUM(I12:AA12) -> 50000 | AC12: =+AB12-H12 -> 0 | AD12: нөат
A13: 2025-07-02 | B13: Ганхуяг БОЛОР-ЭРДЭНЭ | C13: УЦ91010711 | D13: 24490.91 | E13: 269400 | F13: 244909.09 | G13: Энгийн | H13: =+E13 -> 269400 | M13: =+H13 -> 269400 | AB13: =SUM(I13:AA13) -> 269400 | AC13: =+AB13-H13 -> 0 | AD13: нөат
A14: 2025-07-03 | B14: Содмонгол групп | C14: 2577739 | D14: 2727.27 | E14: 30000 | F14: 27272.73 | G14: Энгийн | H14: =+E14-D14 -> 27272.73 | P14: =+H14 -> 27272.73 | AB14: =SUM(I14:AA14) -> 27272.73 | AC14: =+AB14-H14 -> 0
A15: 2025-07-03 | B15: ГОМБО ДЭЛГЭРМАА | C15: ШЕ70110962 | D15: 0 | E15: 47000 | F15: 47000 | G15: Энгийн | H15: =+E15 -> 47000 | M15: =+H15 -> 47000 | AB15: =SUM(I15:AA15) -> 47000 | AC15: =+AB15-H15 -> 0 | AD15: нөат
A16: 2025-07-03 | B16: Алханатрейд | C16: 2595192 | D16: 6363.64 | E16: 70000 | F16: 63636.36 | G16: Энгийн | H16: =+E16 -> 70000 | O16: =+H16 -> 70000 | AB16: =SUM(I16:AA16) -> 70000 | AC16: =+AB16-H16 -> 0 | AD16: нөат
A17: 2025-07-03 | B17: Өсөх идэр ирээдүй | C17: 6548644 | D17: 6500 | E17: 71500 | F17: 65000 | G17: Энгийн | H17: =+E17 -> 71500 | O17: =+H17 -> 71500 | AB17: =SUM(I17:AA17) -> 71500 | AC17: =+AB17-H17 -> 0 | AD17: нөат
A18: 2025-07-03 | B18: Нарлаг толгод | C18: 8420963 | D18: 7347.24 | E18: 80900 | F18: 73552.76 | G18: Энгийн | H18: =+E18 -> 80900 | K18: =+H18 -> 80900 | AB18: =SUM(I18:AA18) -> 80900 | AC18: =+AB18-H18 -> 0 | AD18: нөат
A19: 2025-07-03 | B19: Ньюбулл | C19: 2679396 | D19: 11232.143 | E19: 125800 | F19: 114567.86 | G19: Энгийн | H19: =+E19 -> 125800 | I19: =+H19 -> 125800 | AB19: =SUM(I19:AA19) -> 125800 | AC19: =+AB19-H19 -> 0 | AD19: нөат
A20: 2025-07-03 | B20: Дашваанжил групп | C20: 2025191 | D20: 0 | E20: 475000 | F20: 475000 | G20: Чөлөөлөгдөх | H20: =+E20 -> 475000 | P20: =+H20 -> 475000 | AB20: =SUM(I20:AA20) -> 475000 | AC20: =+AB20-H20 -> 0 | AD20: нөат
A21: 2025-07-04 | B21: Нарлаг толгод | C21: 8420963 | D21: 1263.64 | E21: 13900 | F21: 12636.36 | G21: Энгийн | H21: =+E21 -> 13900 | K21: =+H21 -> 13900 | AB21: =SUM(I21:AA21) -> 13900 | AC21: =+AB21-H21 -> 0 | AD21: нөат
A22: 2025-07-05 | B22: Ганболд ЦЭЛМЭГ | C22: УП04310154 | D22: 537.09 | E22: 5908 | F22: 5370.91 | G22: Энгийн | H22: =+E22 -> 5908 | I22: =+H22 -> 5908 | AB22: =SUM(I22:AA22) -> 5908 | AC22: =+AB22-H22 -> 0 | AD22: нөат
A23: 2025-07-05 | B23: ЧУЛУУНХҮҮ ДОЛЖИНСҮРЭН | C23: ЧС60090569 | D23: 0 | E23: 19500 | F23: 19500 | G23: Энгийн | H23: =+E23 -> 19500 | I23: =+H23 -> 19500 | AB23: =SUM(I23:AA23) -> 19500 | AC23: =+AB23-H23 -> 0 | AD23: нөат
A24: 2025-07-05 | B24: ГОМБО ДЭЛГЭРМАА | C24: ШЕ70110962 | D24: 0 | E24: 38000 | F24: 38000 | G24: Энгийн | H24: =+E24 -> 38000 | M24: =+H24 -> 38000 | AB24: =SUM(I24:AA24) -> 38000 | AC24: =+AB24-H24 -> 0 | AD24: нөат
A25: 2025-07-05 | B25: ЛХАМСҮРЭН ОТГОНБАЯР | C25: АЯ94060507 | D25: 3746.82 | E25: 41215 | F25: 37468.18 | G25: Энгийн | H25: =+E25 -> 41215 | I25: =+H25 -> 41215 | AB25: =SUM(I25:AA25) -> 41215 | AC25: =+AB25-H25 -> 0 | AD25: нөат
A26: 2025-07-05 | B26: Дашваанжил групп | C26: 2025191 | D26: 0 | E26: 57900 | F26: 57900 | G26: Чөлөөлөгдөх | H26: =+E26 -> 57900 | M26: =+H26 -> 57900 | AB26: =SUM(I26:AA26) -> 57900 | AC26: =+AB26-H26 -> 0 | AD26: нөат
A27: 2025-07-05 | B27: Хулхан | C27: 2744783 | D27: 7681.82 | E27: 84500 | F27: 76818.18 | G27: Энгийн | H27: =+E27 -> 84500 | K27: =+H27 -> 84500 | AB27: =SUM(I27:AA27) -> 84500 | AC27: =+AB27-H27 -> 0 | AD27: нөат
A28: 2025-07-05 | B28: Монсуль | C28: 2794241 | D28: 14295.45 | E28: 157250 | F28: 142954.55 | G28: Энгийн | H28: =+E28 -> 157250 | P28: =+H28 -> 157250 | AB28: =SUM(I28:AA28) -> 157250 | AC28: =+AB28-H28 -> 0 | AD28: нөат
A29: 2025-07-05 | B29: Петростар | C29: 5241901 | D29: 19792.91 | E29: 217722 | F29: 197929.09 | G29: Энгийн | H29: =+E29 -> 217722 | P29: =+H29 -> 217722 | AB29: =SUM(I29:AA29) -> 217722 | AC29: =+AB29-H29 -> 0 | AD29: нөат
A30: 2025-07-05 | B30: Номин бизнес клуб | C30: 6736106 | D30: 44094.64 | E30: 490439 | F30: 446344.36 | G30: Энгийн | H30: =+E30 -> 490439 | K30: =+H30 -> 490439 | AB30: =SUM(I30:AA30) -> 490439 | AC30: =+AB30-H30 -> 0 | AD30: нөат
A31: 2025-07-06 | B31: Ти Эм ойл | C31: 6099866 | D31: 13728.18 | E31: 151010 | F31: 137281.82 | G31: Энгийн | H31: =+E31 -> 151010 | P31: =+H31 -> 151010 | AB31: =SUM(I31:AA31) -> 151010 | AC31: =+AB31-H31 -> 0 | AD31: нөат
A32: 2025-07-07 | B32: ZEEL TULULT,ДЭМБЭРЭЛСҮРЭН ЭРДЭНЭЦЭЦЭГ,ХА | C32: ДЭМБЭРЭЛСҮРЭН ЭРДЭНЭЦЭЦЭГ | D32: MN230005005735021190 | F32: 1 | H32: 200000 | I32: 200000 | AB32: =SUM(I32:AA32) -> 200000 | AC32: =+AB32-H32 -> 0
A33: 2025-07-07 | B33: ZEEL TULULT,НУРМАА ЭРДЭНЭСҮХ,ХААН ТӨВ БА | C33: НУРМАА ЭРДЭНЭСҮХ | D33: MN170005005026304378 | F33: 1 | H33: 3160000 | J33: 3160000 | AB33: =SUM(I33:AA33) -> 3160000 | AC33: =+AB33-H33 -> 0
A34: 2025-07-07 | B34: АЛТАНГЭРЭЛ ЦАСЧИХЭР,СЭБҮ СТАДИ ТУР,ХААН ТӨВ БАНК | C34: СЭБҮ СТАДИ ТУР | E34: MN920005005431711327 | F34: 1 | H34: 6400000 | J34: 6400000 | AB34: =SUM(I34:AA34) -> 6400000 | AC34: =+AB34-H34 -> 0
A35: 2025-07-07 | B35: Улсын нэгдүгээр төв эмнэлэг | C35: 9077138 | D35: 0 | E35: 50000 | F35: 50000 | G35: Чөлөөлөгдөх | H35: =+E35 -> 50000 | L35: 50000 | AB35: =SUM(I35:AA35) -> 50000 | AC35: =+AB35-H35 -> 0 | AD35: нөат
A36: 2025-07-07 | B36: Синчи-Ойл | C36: 2588617 | D36: 4545.45 | E36: 50000 | F36: 45454.55 | G36: Энгийн | H36: =+E36 -> 50000 | P36: =+H36 -> 50000 | AB36: =SUM(I36:AA36) -> 50000 | AC36: =+AB36-H36 -> 0 | AD36: нөат
A37: 2025-07-07 | B37: Улсын нэгдүгээр төв эмнэлэг | C37: 9077138 | D37: 0 | E37: 320000 | F37: 320000 | G37: Чөлөөлөгдөх | H37: =+E37 -> 320000 | L37: 320000 | AB37: =SUM(I37:AA37) -> 320000 | AC37: =+AB37-H37 -> 0 | AD37: нөат
A38: 2025-07-08 | B38: INTERNET,ЭНХБАЯР БЯМБАХОРОЛ,ТӨРИЙН БАНК | C38: ЭНХБАЯР БЯМБАХОРОЛ | D38: MN050034360000378300 | F38: 1 | H38: 40000 | I38: =+H38 -> 40000 | AB38: =SUM(I38:AA38) -> 40000 | AC38: =+AB38-H38 -> 0
A39: 2025-07-08 | B39: 5899508 4 ХҮН,ХХҮЕГАЗАР,Төрийн сан | C39: ХХҮЕГАЗАР | D39: MN830090100900017002 | F39: 1 | H39: 120000 | I39: 120000 | AB39: =SUM(I39:AA39) -> 120000 | AC39: =+AB39-H39 -> 0
A40: 2025-07-08 | B40: Малтзсэлес | C40: 5205093 | D40: 636.36364 | E40: 7000 | F40: 6363.6364 | G40: Энгийн | H40: =+E40 -> 7000 | I40: =+H40 -> 7000 | AB40: =SUM(I40:AA40) -> 7000 | AC40: =+AB40-H40 -> 0 | AD40: нөат
A41: 2025-07-08 | B41: Мобиком корпораци | C41: 2072572 | D41: 1272.73 | E41: 14000 | F41: 12727.27 | G41: Энгийн | H41: =+E41 -> 14000 | I41: =+H41 -> 14000 | AB41: =SUM(I41:AA41) -> 14000 | AC41: =+AB41-H41 -> 0 | AD41: нөат
A42: 2025-07-08 | B42: ЮНИТЕЛ | C42: 5036895 | D42: 1363.64 | E42: 15000 | F42: 13636.36 | G42: Энгийн | H42: =+E42 -> 15000 | I42: =+H42 -> 15000 | AB42: =SUM(I42:AA42) -> 15000 | AC42: =+AB42-H42 -> 0 | AD42: нөат
A43: 2025-07-08 | B43: Петростар | C43: 5241901 | D43: 1363.64 | E43: 15000 | F43: 13636.36 | G43: Энгийн | H43: =+E43 -> 15000 | P43: =+H43 -> 15000 | AB43: =SUM(I43:AA43) -> 15000 | AC43: =+AB43-H43 -> 0 | AD43: нөат
A44: 2025-07-08 | B44: Петростар | C44: 5241901 | D44: 1818.18 | E44: 20000 | F44: 18181.82 | G44: Энгийн | H44: =+E44 -> 20000 | P44: =+H44 -> 20000 | AB44: =SUM(I44:AA44) -> 20000 | AC44: =+AB44-H44 -> 0 | AD44: нөат
A45: 2025-07-08 | B45: Мобиком корпораци | C45: 2072572 | D45: 2263.64 | E45: 24900 | F45: 22636.36 | G45: Энгийн | H45: =+E45 -> 24900 | I45: =+H45 -> 24900 | AB45: =SUM(I45:AA45) -> 24900 | AC45: =+AB45-H45 -> 0 | AD45: нөат
A46: 2025-07-08 | B46: Мобиком корпораци | C46: 2072572 | D46: 4072.73 | E46: 44800.01 | F46: 40727.28 | G46: Энгийн | H46: =+E46 -> 44800.01 | I46: =+H46 -> 44800.01 | AB46: =SUM(I46:AA46) -> 44800.01 | AC46: =+AB46-H46 -> 0 | AD46: нөат
A47: 2025-07-08 | B47: Петростар | C47: 5241901 | D47: 4545.45 | E47: 50000 | F47: 45454.55 | G47: Энгийн | H47: =+E47 -> 50000 | P47: =+H47 -> 50000 | AB47: =SUM(I47:AA47) -> 50000 | AC47: =+AB47-H47 -> 0 | AD47: нөат
A48: 2025-07-08 | B48: Мобиком корпораци | C48: 2072572 | D48: 4981.82 | E48: 54799.99 | F48: 49818.17 | G48: Энгийн | H48: =+E48 -> 54799.99 | I48: =+H48 -> 54799.99 | AB48: =SUM(I48:AA48) -> 54799.99 | AC48: =+AB48-H48 -> 0 | AD48: нөат
A49: 2025-07-08 | B49: Малтзсэлес | C49: 5205093 | D49: 5681.8182 | E49: 62500 | F49: 56818.182 | G49: Энгийн | H49: =+E49 -> 62500 | I49: =+H49 -> 62500 | AB49: =SUM(I49:AA49) -> 62500 | AC49: =+AB49-H49 -> 0 | AD49: нөат
A50: 2025-07-08 | B50: Хулхан | C50: 2744783 | D50: 8509.09 | E50: 93600 | F50: 85090.91 | G50: Энгийн | H50: =+E50 -> 93600 | K50: =+H50 -> 93600 | AB50: =SUM(I50:AA50) -> 93600 | AC50: =+AB50-H50 -> 0 | AD50: нөат
A51: 2025-07-08 | B51: Хулхан | C51: 2744783 | D51: 9381.82 | E51: 103200 | F51: 93818.18 | G51: Энгийн | H51: =+E51 -> 103200 | K51: =+H51 -> 103200 | AB51: =SUM(I51:AA51) -> 103200 | AC51: =+AB51-H51 -> 0 | AD51: нөат
A52: 2025-07-08 | B52: Чинзасагт | C52: 4491025 | D52: 23636.364 | E52: 260000 | F52: 236363.64 | G52: Энгийн | H52: =+E52 -> 260000 | I52: =+H52 -> 260000 | AB52: =SUM(I52:AA52) -> 260000 | AC52: =+AB52-H52 -> 0 | AD52: нөат
A53: 2025-07-08 | B53: Баялагжимс | C53: 5204569 | D53: 24481.818 | E53: 269300 | F53: 244818.18 | G53: Энгийн | H53: =+E53 -> 269300 | K53: =+H53 -> 269300 | AB53: =SUM(I53:AA53) -> 269300 | AC53: =+AB53-H53 -> 0 | AD53: нөат
A54: 2025-07-09 | B54: GADAADIIN IRGEN HARIYA,ЭНХБАЯР БЯМБАХОРО | C54: ЭНХБАЯР БЯМБАХОРОЛ | D54: MN050034360000378300 | F54: 1 | H54: 645000 | I54: 645000 | AB54: =SUM(I54:AA54) -> 645000 | AC54: =+AB54-H54 -> 0
A55: 2025-07-09 | B55: OGLOONII GUILGEE BUTSAAV,БЯМБАХОРОЛ ЭНХБ | C55: БЯМБАХОРОЛ ЭНХБАЯР | D55: MN810005005700603188 | F55: 1 | H55: 1100000 | I55: =+H55 -> 1100000 | AB55: =SUM(I55:AA55) -> 1100000 | AC55: =+AB55-H55 -> 0
A56: 2025-07-09 | B56: 4161УБҮ ТҮРЭЭС,МАРУУШ ЛХАГВАДОРЖ,ХААН ТӨ | C56: МАРУУШ ЛХАГВАДОРЖ | D56: MN290005005720619298 | F56: 1 | H56: 4500000 | I56: =+H56 -> 4500000 | AB56: =SUM(I56:AA56) -> 4500000 | AC56: =+AB56-H56 -> 0
A57: 2025-07-09 | B57: Янгирхайрхан | C57: 2590905 | D57: 8675.1623 | E57: 95600 | F57: 86924.838 | G57: Энгийн | H57: =+E57 -> 95600 | K57: =+H57 -> 95600 | AB57: =SUM(I57:AA57) -> 95600 | AC57: =+AB57-H57 -> 0 | AD57: нөат
A58: 2025-07-09 | B58: Синчи-Ойл | C58: 2588617 | D58: 9090.91 | E58: 100000 | F58: 90909.09 | G58: Энгийн | H58: =+E58 -> 100000 | P58: =+H58 -> 100000 | AB58: =SUM(I58:AA58) -> 100000 | AC58: =+AB58-H58 -> 0 | AD58: нөат
A59: 2025-07-09 | B59: Синчи-Ойл | C59: 2588617 | D59: 9090.91 | E59: 100000 | F59: 90909.09 | G59: Энгийн | H59: =+E59 -> 100000 | P59: =+H59 -> 100000 | AB59: =SUM(I59:AA59) -> 100000 | AC59: =+AB59-H59 -> 0 | AD59: нөат
A60: 2025-07-10 | B60: MAHNII UNE,БЯМБАХОРОЛ ХОСБАЯР,ХААН ТӨВ Б | C60: БЯМБАХОРОЛ ХОСБАЯР | D60: MN420005005030348343 | F60: 1 | H60: 200000 | K60: 200000 | AB60: =SUM(I60:AA60) -> 200000 | AC60: =+AB60-H60 -> 0
A61: 2025-07-10 | B61: Дэ булл хот пот | C61: 7045057 | D61: 3348.2143 | E61: 37500 | F61: 34151.786 | G61: Энгийн | H61: =+E61 -> 37500 | I61: =+H61 -> 37500 | AB61: =SUM(I61:AA61) -> 37500 | AC61: =+AB61-H61 -> 0 | AD61: нөат
A62: 2025-07-10 | B62: Дашваанжил групп | C62: 2025191 | D62: 0 | E62: 48250 | F62: 48250 | G62: Чөлөөлөгдөх | H62: =+E62 -> 48250 | M62: =+H62 -> 48250 | AB62: =SUM(I62:AA62) -> 48250 | AC62: =+AB62-H62 -> 0 | AD62: нөат
A63: 2025-07-10 | B63: Дэ булл хот пот | C63: 7045057 | D63: 36473.214 | E63: 408500 | F63: 372026.79 | G63: Энгийн | H63: =+E63 -> 408500 | I63: =+H63 -> 408500 | AB63: =SUM(I63:AA63) -> 408500 | AC63: =+AB63-H63 -> 0 | AD63: нөат
A64: 2025-07-11 | B64: Вираго куалити | C64: 6687857 | D64: 11527.27 | E64: 126800 | F64: 115272.73 | G64: Энгийн | H64: =+E64 -> 126800 | K64: =+H64 -> 126800 | AB64: =SUM(I64:AA64) -> 126800 | AC64: =+AB64-H64 -> 0 | AD64: нөат
A65: 2025-07-12 | B65: Ойнбирж | C65: 2026945 | D65: 4545.45 | E65: 50000 | F65: 45454.55 | G65: Энгийн | H65: =+E65 -> 50000 | P65: =+H65 -> 50000 | AB65: =SUM(I65:AA65) -> 50000 | AC65: =+AB65-H65 -> 0 | AD65: нөат
A66: 2025-07-14 | B66: LI,БЯМБАХОРОЛ ХОСБАЯР,ХААН ТӨВ БАНК | C66: БЯМБАХОРОЛ ХОСБАЯР | D66: MN420005005030348343 | F66: 1 | H66: 100000 | I66: =+H66 -> 100000 | AB66: =SUM(I66:AA66) -> 100000 | AC66: =+AB66-H66 -> 0
A67: 2025-07-14 | B67: KRAM,БЯМБАХОРОЛ ЭНХБАЯР,ХААН ТӨВ БАНК | C67: БЯМБАХОРОЛ ЭНХБАЯР | D67: MN810005005700603188 | F67: 1 | H67: 540000 | I67: =+H67 -> 540000 | AB67: =SUM(I67:AA67) -> 540000 | AC67: =+AB67-H67 -> 0
A68: 2025-07-14 | B68: Синчи-Ойл | C68: 2588617 | D68: 4545.45 | E68: 50000 | F68: 45454.55 | G68: Энгийн | H68: =+E68 -> 50000 | P68: =+H68 -> 50000 | AB68: =SUM(I68:AA68) -> 50000 | AC68: =+AB68-H68 -> 0 | AD68: нөат
A69: 2025-07-14 | B69: Синчи газ | C69: 2638126 | D69: 0 | E69: 99000 | F69: 99000 | G69: Чөлөөлөгдөх | H69: =+E69 -> 99000 | M69: =+H69 -> 99000 | AB69: =SUM(I69:AA69) -> 99000 | AC69: =+AB69-H69 -> 0 | AD69: нөат
A70: 2025-07-15 | B70: ДИСДАА ЭНХТӨР | C70: ТК87042312 | D70: 4312.91 | E70: 47442 | F70: 43129.09 | G70: Энгийн | H70: =+E70 -> 47442 | K70: =+H70 -> 47442 | AB70: =SUM(I70:AA70) -> 47442 | AC70: =+AB70-H70 -> 0 | AD70: нөат
A71: 2025-07-15 | B71: Премиум нэксус | C71: 6155804 | D71: 7981.8182 | E71: 87800 | F71: 79818.182 | G71: Энгийн | H71: =+E71 -> 87800 | K71: =+H71 -> 87800 | AB71: =SUM(I71:AA71) -> 87800 | AC71: =+AB71-H71 -> 0 | AD71: нөат
A72: 2025-07-15 | B72: Номин хайпермаркет баруун бүс | C72: 7173713 | D72: 10309.91 | E72: 113409 | F72: 103099.09 | G72: Энгийн | H72: =+E72 -> 113409 | I72: =+H72 -> 113409 | AB72: =SUM(I72:AA72) -> 113409 | AC72: =+AB72-H72 -> 0 | AD72: нөат
A73: 2025-07-16 | B73: Синчи газ | C73: 2638126 | D73: 0 | E73: 80000 | F73: 80000 | G73: Чөлөөлөгдөх | H73: =+E73 -> 80000 | K73: 80000 | AB73: =SUM(I73:AA73) -> 80000 | AC73: =+AB73-H73 -> 0 | AD73: нөат
A74: 2025-07-16 | B74: ДОРЖ ДАМДИННАВАГ | C74: ПЮ69042116 | D74: 0 | E74: 160000 | F74: 160000 | G74: Энгийн | H74: =+E74 -> 160000 | K74: =+H74 -> 160000 | AB74: =SUM(I74:AA74) -> 160000 | AC74: =+AB74-H74 -> 0 | AD74: нөат
A75: 2025-07-17 | B75: Петростар | C75: 5241901 | D75: 14463.64 | E75: 159100 | F75: 144636.36 | G75: Энгийн | H75: =+E75 -> 159100 | P75: =+H75 -> 159100 | AB75: =SUM(I75:AA75) -> 159100 | AC75: =+AB75-H75 -> 0 | AD75: нөат
A76: 2025-07-18 | B76: Глобал-Ацетилен | C76: 5361184 | D76: 5500 | E76: 60500 | F76: 55000 | G76: Энгийн | H76: =+E76 -> 60500 | N76: =+H76 -> 60500 | AB76: =SUM(I76:AA76) -> 60500 | AC76: =+AB76-H76 -> 0 | AD76: нөат
A77: 2025-07-18 | B77: Петростар | C77: 5241901 | D77: 9090.91 | E77: 100000 | F77: 90909.09 | G77: Энгийн | H77: =+E77 -> 100000 | P77: =+H77 -> 100000 | AB77: =SUM(I77:AA77) -> 100000 | AC77: =+AB77-H77 -> 0 | AD77: нөат
A78: 2025-07-18 | B78: Глобал-Ацетилен | C78: 5361184 | D78: 28000 | E78: 308000 | F78: 280000 | G78: Энгийн | H78: =+E78 -> 308000 | N78: =+H78 -> 308000 | AB78: =SUM(I78:AA78) -> 308000 | AC78: =+AB78-H78 -> 0 | AD78: нөат
A79: 2025-07-18 | B79: Глобал-Ацетилен | C79: 5361184 | D79: 53000 | E79: 583000 | F79: 530000 | G79: Энгийн | H79: =+E79 -> 583000 | N79: =+H79 -> 583000 | AB79: =SUM(I79:AA79) -> 583000 | AC79: =+AB79-H79 -> 0 | AD79: нөат
A80: 2025-07-20 | B80: Глобал инноватив фүүд трэжүр | C80: 6799272 | D80: 16714.29 | E80: 187200 | F80: 170485.71 | G80: Энгийн | H80: =+E80 -> 187200 | K80: =+H80 -> 187200 | AB80: =SUM(I80:AA80) -> 187200 | AC80: =+AB80-H80 -> 0 | AD80: нөат
A81: 2025-07-21 | B81: Нарлаг толгод | C81: 8420963 | D81: 890.91 | E81: 9800 | F81: 8909.09 | G81: Энгийн | H81: =+E81 -> 9800 | M81: =+H81 -> 9800 | AB81: =SUM(I81:AA81) -> 9800 | AC81: =+AB81-H81 -> 0 | AD81: нөат
A82: 2025-07-21 | B82: ДТУБ сүмбэрэл | C82: 6717268 | D82: 2018.18 | E82: 22200 | F82: 20181.82 | G82: Энгийн | H82: =+E82 -> 22200 | K82: =+H82 -> 22200 | AB82: =SUM(I82:AA82) -> 22200 | AC82: =+AB82-H82 -> 0 | AD82: нөат
A83: 2025-07-21 | B83: Вираго куалити | C83: 6687857 | D83: 4545.46 | E83: 50000 | F83: 45454.54 | G83: Энгийн | H83: =+E83 -> 50000 | K83: =+H83 -> 50000 | AB83: =SUM(I83:AA83) -> 50000 | AC83: =+AB83-H83 -> 0 | AD83: нөат
A84: 2025-07-21 | B84: НИК | C84: 2075261 | D84: 9090.91 | E84: 100000 | F84: 90909.09 | G84: Энгийн | H84: =+E84 -> 100000 | P84: =+H84 -> 100000 | AB84: =SUM(I84:AA84) -> 100000 | AC84: =+AB84-H84 -> 0 | AD84: нөат
A85: 2025-07-22 | B85: 1101159 PP TOGNII TOLBOR | C85: УБЦТС | D85: 1102033206 | F85: 1 | H85: 1550000 | M85: =+H85 -> 1550000 | AB85: =SUM(I85:AA85) -> 1550000 | AC85: =+AB85-H85 -> 0
A86: 2025-07-22 | B86: Эрхэмхангай | C86: 5430836 | D86: 9445.45 | E86: 103900 | F86: 94454.55 | G86: Энгийн | H86: =+E86 -> 103900 | K86: =+H86 -> 103900 | AB86: =SUM(I86:AA86) -> 103900 | AC86: =+AB86-H86 -> 0 | AD86: нөат
A87: 2025-07-22 | B87: Глобал-Ацетилен | C87: 5361184 | D87: 11200 | E87: 123200 | F87: 112000 | G87: Энгийн | H87: =+E87 -> 123200 | N87: =+H87 -> 123200 | AB87: =SUM(I87:AA87) -> 123200 | AC87: =+AB87-H87 -> 0 | AD87: нөат
A88: 2025-07-22 | B88: Глобал-Ацетилен | C88: 5361184 | D88: 36000 | E88: 396000 | F88: 360000 | G88: Энгийн | H88: =+E88 -> 396000 | N88: =+H88 -> 396000 | AB88: =SUM(I88:AA88) -> 396000 | AC88: =+AB88-H88 -> 0 | AD88: нөат
A89: 2025-07-22 | B89: Глобал-Ацетилен | C89: 5361184 | D89: 44000 | E89: 484000 | F89: 440000 | G89: Энгийн | H89: =+E89 -> 484000 | N89: =+H89 -> 484000 | AB89: =SUM(I89:AA89) -> 484000 | AC89: =+AB89-H89 -> 0 | AD89: нөат
A90: 2025-07-22 | B90: Очир ундраа ОМЗ ББСБ | C90: 2734745 | D90: 0 | E90: 1748126.9 | F90: 1748126.9 | G90: Чөлөөлөгдөх | H90: =+E90 -> 1748126.9 | J90: 1748126.9 | AB90: =SUM(I90:AA90) -> 1748126.9 | AC90: =+AB90-H90 -> 0 | AD90: нөат
A91: 2025-07-23 | B91: PP УУЛЫН АЖЛЫН ТӨЛӨВЛӨГӨӨ,ДОЛГОР БОЛДХУЯ | C91: ДОЛГОР БОЛДХУЯГ | D91: MN660005005302726239 | F91: 1 | H91: 500000 | I91: =+H91 -> 500000 | AB91: =SUM(I91:AA91) -> 500000 | AC91: =+AB91-H91 -> 0
A92: 2025-07-23 | B92: Аргал ойл | C92: 6309011 | D92: 9090.91 | E92: 100000 | F92: 90909.09 | G92: Энгийн | H92: =+E92 -> 100000 | P92: =+H92 -> 100000 | AB92: =SUM(I92:AA92) -> 100000 | AC92: =+AB92-H92 -> 0 | AD92: нөат
A93: 2025-07-23 | B93: Инвескор ББСБ | C93: 6060854 | D93: 0 | E93: 154899.83 | F93: 154899.83 | G93: Чөлөөлөгдөх | H93: =+E93 -> 154899.83 | J93: 154899.83 | AB93: =SUM(I93:AA93) -> 154899.83 | AC93: =+AB93-H93 -> 0 | AD93: нөат
A94: 2025-07-23 | B94: Инвескор ББСБ | C94: 6060854 | D94: 0 | E94: 8579898.7 | F94: 8579898.7 | G94: Чөлөөлөгдөх | H94: =+E94 -> 8579898.7 | J94: 8579898.7 | AB94: =SUM(I94:AA94) -> 8579898.7 | AC94: =+AB94-H94 -> 0 | AD94: нөат
A95: 2025-07-24 | B95: AA MAT,ТОГТООЛ ЦЭВЭЛЛХАСҮРЭН,ХААН ТӨВ БА | C95: ТОГТООЛ ЦЭВЭЛЛХАСҮРЭН | D95: MN350005005029185051 | F95: 1 | H95: 134100 | M95: 134100 | AB95: =SUM(I95:AA95) -> 134100 | AC95: =+AB95-H95 -> 0
A96: 2025-07-24 | B96: HUNSNII MAT,МААМ УРАНЧИМЭГ,ХААН ТӨВ БАНК | C96: МААМ УРАНЧИМЭГ | D96: MN470005005034389273 | F96: 1 | H96: 285600 | K96: 285600 | AB96: =SUM(I96:AA96) -> 285600 | AC96: =+AB96-H96 -> 0
A97: 2025-07-24 | B97: MAH,ЛХАМСҮРЭН УЯНГА,ХААН ТӨВ БАНК | C97: ЛХАМСҮРЭН УЯНГА | D97: MN720005005033817687 | F97: 1 | H97: 287500 | K97: 287500 | AB97: =SUM(I97:AA97) -> 287500 | AC97: =+AB97-H97 -> 0
A98: 2025-07-24 | B98: HUNS UR TULUV,НУРМАА ЭРДЭНЭСҮХ,ХААН ТӨВ | C98: НУРМАА ЭРДЭНЭСҮХ | D98: MN170005005026304378 | E98: 1 | H98: 411250 | K98: 411250 | AB98: =SUM(I98:AA98) -> 411250 | AC98: =+AB98-H98 -> 0
A99: 2025-07-24 | B99: NOGOON TEJEEL,БЯМБАХОРОЛ ХОСБАЯР,ХААН ТӨ | C99: БЯМБАХОРОЛ ХОСБАЯР | D99: MN420005005030348343 | F99: 1 | H99: 500000 | I99: =+H99 -> 500000 | AB99: =SUM(I99:AA99) -> 500000 | AC99: =+AB99-H99 -> 0
A100: 2025-07-24 | B100: SELBEG,НАЙМАНТАЛТ УУЛ,ХААН ТӨВ БАНК | C100: НАЙМАНТАЛТ УУЛ | D100: MN040005005087156495 | F100: 1 | H100: 572000 | O100: 572000 | AB100: =SUM(I100:AA100) -> 572000 | AC100: =+AB100-H100 -> 0
...

Sheet 8
G1: 69,748.21₮ | I1: НӨАТ | J1: 86061461 | K1: =+J2+J1 -> 123725573
D2: 3,941,854.68₮ | E2: 85,991,712.59₮ | F2: 82,049,857.91₮ | J2: 37664112
A3: Сар | B3: Харилцагчийн нэр | C3: Харилцагчийн ТТД | D3: НӨАТ | E3: Цэвэр дүн | F3: Нийт дүн | G3: Татварын төрөл | H3: Нийт Зардал | I3: Оффис хангамж | J3: Зээл | K3: Хүнс / кэмп | L3: ХАБ | M3: Хангамж | N3: Засварт | O3: Сэлбэг | P3: Түлш | Q3: Тос тосолгоо | R3: Цалин | S3: НӨӨЦ ашигласны төлбөр | T3: торгууль | U3: Лиценз | V3: Нийгмийн Хариуцлага | W3: Нөхөн сэргэлтийн төлбөр | X3: хогны төлбөр | Y3: газрын төлбөр | Z3: Суутган | AA3: НДШ | AB3: нийт зардал | AC3: Зардлын зөрүү
D4: =SUM(D6:D162) -> 1907763.8 | E4: =SUM(E6:E162) -> 34214521 | F4: =SUM(F6:F162) -> 32306757 | H4: =SUM(H6:H262) -> 1.2372557e+08 | I4: =SUM(I6:I262) -> 14399963 | J4: =SUM(J6:J262) -> 25340203 | K4: =SUM(K6:K262) -> 4229736 | L4: =SUM(L6:L262) -> 5545860 | M4: =SUM(M6:M262) -> 6641990 | N4: =SUM(N6:N262) -> 15328635 | O4: =SUM(O6:O262) -> 20978250 | ... AA4: =SUM(AA6:AA262) -> 0 | AB4: =SUM(I4:AA4) -> 1.2372557e+08 | AC4: =SUM(AC6:AC162) -> 0
F5: 1 | I5: =+I4/$H$4 -> 0.11638631 | K5: =+K4/$H$4 -> 0.034186433 | L5: =+L4/$H$4 -> 0.044823878 | M5: =+M4/$H$4 -> 0.053683243 | N5: =+N4/$H$4 -> 0.12389221 | O5: =+O4/$H$4 -> 0.16955468 | P5: =+P4/$H$4 -> 0.23508426 | Q5: =+Q4/$H$4 -> 0.017579228 | R5: =+R4/$H$4 -> 0 | ... AC5: =+AC4/$H$4 -> 0
A6: 2025-08-01 | C6: Гүйлгээний шимтгэл | H6: 100 | I6: =+H6 -> 100 | AB6: =SUM(I6:AA6) -> 100 | AC6: =+AB6-H6 -> 0
A7: 2025-08-01 | B7: АЛТАНГЭРЭЛ БУДЖАВ | C7: Charges for PORD Customer Payment :000449092553 | H7: 200 | I7: =+H7 -> 200 | AB7: =SUM(I7:AA7) -> 200 | AC7: =+AB7-H7 -> 0
A8: 2025-08-01 | B8: АЛТАНГЭРЭЛ БУДЖАВ | C8: Charges for PORD Customer Payment :000449093268 | H8: 200 | I8: =+H8 -> 200 | AB8: =SUM(I8:AA8) -> 200 | AC8: =+AB8-H8 -> 0
A9: 2025-08-01 | B9: НУРМАА ЭРДЭНЭСҮХ | C9: Charges for PORD Customer Payment :000449364984 | H9: 200 | I9: =+H9 -> 200 | AB9: =SUM(I9:AA9) -> 200 | AC9: =+AB9-H9 -> 0
A10: 2025-08-01 | B10: АЛТАНГЭРЭЛ БУДЖАВ | C10: PP TULSH 20 L ZURUU,АЛТАНГЭРЭЛ БУДЖАВ,ХА | H10: 30000 | P10: 30000 | AB10: =SUM(I10:AA10) -> 30000 | AC10: =+AB10-H10 -> 0
A11: 2025-08-01 | B11: Синчи-Ойл | C11: 2588617 | D11: 4545.45 | E11: 50000 | F11: =+E11-D11 -> 45454.55 | G11: Энгийн | H11: =+E11 -> 50000 | I11: =+H11 -> 50000 | AB11: =SUM(I11:AA11) -> 50000 | AC11: =+AB11-H11 -> 0 | AD11: нөат
A12: 2025-08-01 | B12: Синчи-Ойл | C12: 2588617 | D12: 5090.91 | E12: 56000 | F12: =+E12-D12 -> 50909.09 | G12: Энгийн | H12: =+E12 -> 56000 | I12: =+H12 -> 56000 | AB12: =SUM(I12:AA12) -> 56000 | AC12: =+AB12-H12 -> 0 | AD12: нөат
A13: 2025-08-01 | B13: Алханатрейд | C13: 2595192 | D13: 18000 | E13: 198000 | F13: =+E13-D13 -> 180000 | G13: Энгийн | H13: =+E13 -> 198000 | O13: =+H13 -> 198000 | AB13: =SUM(I13:AA13) -> 198000 | AC13: =+AB13-H13 -> 0 | AD13: нөат
A14: 2025-08-01 | B14: Баялагжимс | C14: 5204569 | D14: 31972.909 | E14: 351702 | F14: =+E14-D14 -> 319729.09 | G14: Энгийн | H14: =+E14 -> 351702 | K14: =+H14 -> 351702 | AB14: =SUM(I14:AA14) -> 351702 | AC14: =+AB14-H14 -> 0 | AD14: нөат
A15: 2025-08-01 | B15: Очир ундраа ОМЗ ББСБ | C15: 2734745 | D15: 0 | E15: 1744508 | F15: =+E15-D15 -> 1744508 | G15: Чөлөөлөгдөх | H15: =+E15 -> 1744508 | J15: =+H15 -> 1744508 | AB15: =SUM(I15:AA15) -> 1744508 | AC15: =+AB15-H15 -> 0 | AD15: нөат
A16: 2025-08-01 | B16: ОЧИР УНДРАА ОМЗ ББСБ | C16: Б.ЭНХБАЯР, 88102299 | H16: 4289850 | J16: =H16 -> 4289850 | AB16: =SUM(I16:AA16) -> 4289850 | AC16: =+AB16-H16 -> 0
A17: 2025-08-02 | B17: Синчи-Ойл | C17: 2588617 | D17: 9090.91 | E17: 100000 | F17: =+E17-D17 -> 90909.09 | G17: Энгийн | H17: =+E17 -> 100000 | I17: =+H17 -> 100000 | AB17: =SUM(I17:AA17) -> 100000 | AC17: =+AB17-H17 -> 0 | AD17: нөат
A18: 2025-08-03 | B18: Нарлаг толгод | C18: 8420963 | D18: 6818.18 | E18: 75000 | F18: =+E18-D18 -> 68181.82 | G18: Энгийн | H18: =+E18 -> 75000 | I18: =+H18 -> 75000 | AB18: =SUM(I18:AA18) -> 75000 | AC18: =+AB18-H18 -> 0 | AD18: нөат
A19: 2025-08-03 | B19: Касс таун групп | C19: 6358128 | D19: 238803.57 | E19: 2674600 | F19: =+E19-D19 -> 2435796.4 | G19: Энгийн | H19: =+E19 -> 2674600 | O19: =+H19 -> 2674600 | AB19: =SUM(I19:AA19) -> 2674600 | AC19: =+AB19-H19 -> 0 | AD19: нөат
A20: 2025-08-04 | B20: ЭНХБАТ ЭРХЭС | C20: Charges for PORD Customer Payment :000450129391 | H20: 200 | I20: =+H20 -> 200 | AB20: =SUM(I20:AA20) -> 200 | AC20: =+AB20-H20 -> 0
A21: 2025-08-04 | B21: ОДБААТАР ОДГЭРЭЛ | C21: Charges for PORD Customer Payment :000450263017 | H21: 200 | I21: =+H21 -> 200 | AB21: =SUM(I21:AA21) -> 200 | AC21: =+AB21-H21 -> 0
A22: 2025-08-04 | B22: ПИРАМИДПРОГРЕСС | C22: Charges for PORD Customer Payment :000450283266 | H22: 200 | I22: =+H22 -> 200 | AB22: =SUM(I22:AA22) -> 200 | AC22: =+AB22-H22 -> 0
A23: 2025-08-04 | B23: ПИРАМИДПРОГРЕСС | C23: Charges for PORD Customer Payment :000450283415 | H23: 200 | I23: =+H23 -> 200 | AB23: =SUM(I23:AA23) -> 200 | AC23: =+AB23-H23 -> 0
A24: 2025-08-04 | B24: ПИРАМИДПРОГРЕСС | C24: Charges for PORD Customer Payment :000450283719 | H24: 200 | I24: =+H24 -> 200 | AB24: =SUM(I24:AA24) -> 200 | AC24: =+AB24-H24 -> 0
A25: 2025-08-04 | B25: ПИРАМИДПРОГРЕСС | C25: Charges for PORD Customer Payment :000450314756 | H25: 200 | I25: =+H25 -> 200 | AB25: =SUM(I25:AA25) -> 200 | AC25: =+AB25-H25 -> 0
A26: 2025-08-04 | B26: ПИРАМИДПРОГРЕСС | C26: Charges for PORD Customer Payment :000450315422 | H26: 200 | I26: =+H26 -> 200 | AB26: =SUM(I26:AA26) -> 200 | AC26: =+AB26-H26 -> 0
A27: 2025-08-04 | B27: Хос судар | C27: 6039731 | D27: 318.18182 | E27: 3500 | F27: =+E27-D27 -> 3181.8182 | G27: Энгийн | H27: =+E27 -> 3500 | K27: =+H27 -> 3500 | AB27: =SUM(I27:AA27) -> 3500 | AC27: =+AB27-H27 -> 0 | AD27: нөат
A28: 2025-08-04 | B28: ОДБААТАР ОДГЭРЭЛ | C28: TSAGIIN BURTGEL,ОДБААТАР ОДГЭРЭЛ,ХААН ТӨ | H28: 3500 | I28: 3500 | AB28: =SUM(I28:AA28) -> 3500 | AC28: =+AB28-H28 -> 0
A29: 2025-08-04 | B29: Ойнбирж | C29: 2026945 | D29: 9090.91 | E29: 100000 | F29: =+E29-D29 -> 90909.09 | G29: Энгийн | H29: =+E29 -> 100000 | I29: =+H29 -> 100000 | AB29: =SUM(I29:AA29) -> 100000 | AC29: =+AB29-H29 -> 0 | AD29: нөат
A30: 2025-08-04 | B30: Содон сондор гэрэлтүүлэг | C30: 3576388 | D30: 0 | E30: 121500 | F30: =+E30-D30 -> 121500 | G30: Энгийн | H30: =+E30 -> 121500 | O30: =+H30 -> 121500 | AB30: =SUM(I30:AA30) -> 121500 | AC30: =+AB30-H30 -> 0 | AD30: нөат
A31: 2025-08-04 | B31: ЭНХБАТ ЭРХЭС | C31: TSAGILGAAN ZASVAR 3 TEHBIK,ЭНХБАТ ЭРХЭС, | H31: 500000 | N31: 500000 | AB31: =SUM(I31:AA31) -> 500000 | AC31: =+AB31-H31 -> 0
A32: 2025-08-05 | B32: ДОРЖСҮРЭН БАЯРБАТ | C32: Charges for PORD Customer Payment :000450656537 | H32: 200 | I32: =+H32 -> 200 | AB32: =SUM(I32:AA32) -> 200 | AC32: =+AB32-H32 -> 0
A33: 2025-08-05 | B33: НЭРГҮЙ ХУЯГБААТАР | C33: Charges for PORD Customer Payment :000450671766 | H33: 200 | I33: =+H33 -> 200 | AB33: =SUM(I33:AA33) -> 200 | AC33: =+AB33-H33 -> 0
A34: 2025-08-05 | B34: БААСАНХҮҮ ЦОГГЭРЭЛ | C34: Charges for PORD Customer Payment :000450703037 | H34: 200 | I34: =+H34 -> 200 | AB34: =SUM(I34:AA34) -> 200 | AC34: =+AB34-H34 -> 0
A35: 2025-08-05 | B35: ОЧИР УНДРАА ОМЗ ББСБ | C35: Charges for PORD Customer Payment :000450712336 | H35: 200 | I35: =+H35 -> 200 | AB35: =SUM(I35:AA35) -> 200 | AC35: =+AB35-H35 -> 0
A36: 2025-08-05 | B36: БУЛЛ КАПИТАЛ ББСБ | C36: Charges for PORD Customer Payment :000450713638 | H36: 200 | I36: =+H36 -> 200 | AB36: =SUM(I36:AA36) -> 200 | AC36: =+AB36-H36 -> 0
A37: 2025-08-05 | B37: ЭРДЭНЭЧИМЭГ СОДГЭРЭЛ | C37: Charges for PORD Customer Payment :000450820509 | H37: 200 | I37: =+H37 -> 200 | AB37: =SUM(I37:AA37) -> 200 | AC37: =+AB37-H37 -> 0
A38: 2025-08-05 | B38: ХОЛООХ БАТНЯМ | C38: Charges for PORD Customer Payment :000450821953 | H38: 200 | I38: =+H38 -> 200 | AB38: =SUM(I38:AA38) -> 200 | AC38: =+AB38-H38 -> 0
A39: 2025-08-05 | B39: АРИУНБОЛД БАТСУУРЬ | C39: Charges for PORD Customer Payment :000450824044 | H39: 200 | I39: =+H39 -> 200 | AB39: =SUM(I39:AA39) -> 200 | AC39: =+AB39-H39 -> 0
A40: 2025-08-05 | B40: СҮРЭНЖАВ МӨНХЦЭЦЭГ | C40: Charges for PORD Customer Payment :000450824578 | H40: 200 | I40: =+H40 -> 200 | AB40: =SUM(I40:AA40) -> 200 | AC40: =+AB40-H40 -> 0
A41: 2025-08-05 | B41: БАТТОГТОХ ДОВЧИН | C41: Charges for PORD Customer Payment :000450825696 | H41: 200 | I41: =+H41 -> 200 | AB41: =SUM(I41:AA41) -> 200 | AC41: =+AB41-H41 -> 0
A42: 2025-08-05 | B42: ЛХААЖАВ ДАРИНЧУЛУУН | C42: Charges for PORD Customer Payment :000450826367 | H42: 200 | I42: =+H42 -> 200 | AB42: =SUM(I42:AA42) -> 200 | AC42: =+AB42-H42 -> 0
A43: 2025-08-05 | B43: ХУДАЙ ТӨМӨРХУЯГ | C43: Charges for PORD Customer Payment :000450828079 | H43: 200 | I43: =+H43 -> 200 | AB43: =SUM(I43:AA43) -> 200 | AC43: =+AB43-H43 -> 0
... A47: 2025-08-05 | B47: МӨНХЖАРГАЛ УГТАХБАЯР | C47: Charges for PORD Customer Payment :000450835280 | H47: 200 | I47: =+H47 -> 200 | AB47: =SUM(I47:AA47) -> 200 | AC47: =+AB47-H47 -> 0
A48: 2025-08-05 | B48: НЭРГҮЙ ХУЯГБААТАР | C48: DUGUI ZASVAR,НЭРГҮЙ ХУЯГБААТАР,ХААН ТӨВ | H48: 15000 | N48: 15000 | AB48: =SUM(I48:AA48) -> 15000 | AC48: =+AB48-H48 -> 0
A49: 2025-08-05 | B49: Хосбилгүүн зул | C49: 5200482 | D49: 2152.91 | E49: 23682 | F49: =+E49-D49 -> 21529.09 | G49: Энгийн | H49: =+E49 -> 23682 | K49: =+H49 -> 23682 | AB49: =SUM(I49:AA49) -> 23682 | AC49: =+AB49-H49 -> 0 | AD49: нөат
A50: 2025-08-05 | B50: Нарлаг толгод | C50: 8420963 | D50: 2363.64 | E50: 26000 | F50: =+E50-D50 -> 23636.36 | G50: Энгийн | H50: =+E50 -> 26000 | P50: 26000 | AB50: =SUM(I50:AA50) -> 26000 | AC50: =+AB50-H50 -> 0 | AD50: нөат
A51: 2025-08-05 | B51: Нарлаг толгод | C51: 8420963 | D51: 3027.27 | E51: 33300 | F51: =+E51-D51 -> 30272.73 | G51: Энгийн | H51: =+E51 -> 33300 | I51: =+H51 -> 33300 | AB51: =SUM(I51:AA51) -> 33300 | AC51: =+AB51-H51 -> 0 | AD51: нөат
A52: 2025-08-05 | B52: ЮНИТЕЛ | C52: 5036895 | D52: 6493.18 | E52: 71425 | F52: =+E52-D52 -> 64931.82 | G52: Энгийн | H52: =+E52 -> 71425 | I52: =+H52 -> 71425 | AB52: =SUM(I52:AA52) -> 71425 | AC52: =+AB52-H52 -> 0 | AD52: нөат
A53: 2025-08-05 | B53: Моннидер | C53: 2824795 | D53: 7765.45 | E53: 85420 | F53: =+E53-D53 -> 77654.55 | G53: Энгийн | H53: =+E53 -> 85420 | K53: =+H53 -> 85420 | AB53: =SUM(I53:AA53) -> 85420 | AC53: =+AB53-H53 -> 0 | AD53: нөат
A54: 2025-08-05 | B54: ШИЖИРБААТАР ЛХАГВАСҮРЭН | C54: НО94102609 | D54: 0 | E54: 225150 | F54: =+E54-D54 -> 225150 | G54: Энгийн | H54: =+E54 -> 225150 | M54: =+H54 -> 225150 | AB54: =SUM(I54:AA54) -> 225150 | AC54: =+AB54-H54 -> 0 | AD54: нөат
A55: 2025-08-05 | B55: ОЧИР УНДРАА ОМЗ ББСБ | C55: НХ87112810 Б.МӨНХБАЯР УТАС 88101131,ОЧИР | H55: 580000 | J55: 580000 | AB55: =SUM(I55:AA55) -> 580000 | AC55: =+AB55-H55 -> 0
A56: 2025-08-05 | B56: БААСАНХҮҮ ЦОГГЭРЭЛ | C56: MAHNI UNE,БААСАНХҮҮ ЦОГГЭРЭЛ,ХААН ТӨВ БА | H56: 750000 | K56: 750000 | AB56: =SUM(I56:AA56) -> 750000 | AC56: =+AB56-H56 -> 0
A57: 2025-08-05 | B57: БУЛЛ КАПИТАЛ ББСБ | C57: УВ76060235 Н.ЭРДЭНЭСҮХ УТАС 9910462 5,БУ | H57: 3160000 | J57: 3160000 | AB57: =SUM(I57:AA57) -> 3160000 | AC57: =+AB57-H57 -> 0
A58: 2025-08-06 | B58: ДЭМБЭРЭЛСҮРЭН ЭРДЭНЭЦЭЦЭГ | C58: Charges for PORD Customer Payment :000451006949 | H58: 200 | I58: =+H58 -> 200 | AB58: =SUM(I58:AA58) -> 200 | AC58: =+AB58-H58 -> 0
A59: 2025-08-06 | B59: ӨСӨХ ИДЭР ИРЭЭДҮЙ | C59: Charges for PORD Customer Payment :000451078628 | H59: 200 | I59: =+H59 -> 200 | AB59: =SUM(I59:AA59) -> 200 | AC59: =+AB59-H59 -> 0
A60: 2025-08-06 | B60: Моннидер | C60: 2824795 | D60: 2000 | E60: 22000 | F60: =+E60-D60 -> 20000 | G60: Энгийн | H60: =+E60 -> 22000 | M60: =+H60 -> 22000 | AB60: =SUM(I60:AA60) -> 22000 | AC60: =+AB60-H60 -> 0 | AD60: нөат
A61: 2025-08-06 | B61: Өсөх идэр ирээдүй | C61: 6548644 | D61: 19550 | E61: 215050 | F61: =+E61-D61 -> 195500 | G61: Энгийн | H61: =+E61 -> 215050 | M61: =+H61 -> 215050 | AB61: =SUM(I61:AA61) -> 215050 | AC61: =+AB61-H61 -> 0 | AD61: нөат
A62: 2025-08-07 | B62: Нарлаг толгод | C62: 8420963 | D62: 363.64 | E62: 4000 | F62: =+E62-D62 -> 3636.36 | G62: Энгийн | H62: =+E62 -> 4000 | I62: =+H62 -> 4000 | AB62: =SUM(I62:AA62) -> 4000 | AC62: =+AB62-H62 -> 0 | AD62: нөат
A63: 2025-08-07 | B63: ГАНТУЛГА МӨНХДАЛАЙ | C63: УС86101903 | D63: 0 | E63: 76500 | F63: =+E63-D63 -> 76500 | G63: Энгийн | H63: =+E63 -> 76500 | M63: =+H63 -> 76500 | AB63: =SUM(I63:AA63) -> 76500 | AC63: =+AB63-H63 -> 0 | AD63: нөат
A64: 2025-08-07 | B64: ГАНТУЛГА МӨНХДАЛАЙ | C64: УС86101903 | D64: 0 | E64: 76500 | F64: =+E64-D64 -> 76500 | G64: Энгийн | H64: =+E64 -> 76500 | M64: =+H64 -> 76500 | AB64: =SUM(I64:AA64) -> 76500 | AC64: =+AB64-H64 -> 0 | AD64: нөат
A65: 2025-08-07 | B65: ЖАМБАЛЖАВ ХОРЛОО | C65: ШД72073163 | D65: 0 | E65: 114000 | F65: =+E65-D65 -> 114000 | G65: Энгийн | H65: =+E65 -> 114000 | N65: =+H65 -> 114000 | AB65: =SUM(I65:AA65) -> 114000 | AC65: =+AB65-H65 -> 0 | AD65: нөат
A66: 2025-08-07 | B66: Содмонгол групп | C66: 2577739 | D66: 12263.64 | E66: 134900 | F66: =+E66-D66 -> 122636.36 | G66: Энгийн | H66: =+E66 -> 134900 | P66: =+H66 -> 134900 | AB66: =SUM(J66:AA66) -> 134900 | AC66: =+AB66-H66 -> 0 | AD66: нөат
A67: 2025-08-07 | B67: БАТЭРДЭНЭ МАРАЛМАА | C67: УЗ92072565 | D67: 30527.27 | E67: 335800 | F67: =+E67-D67 -> 305272.73 | G67: Энгийн | H67: =+E67 -> 335800 | K67: =+H67 -> 335800 | AB67: =SUM(I67:AA67) -> 335800 | AC67: =+AB67-H67 -> 0 | AD67: нөат
A68: 2025-08-08 | B68: ХӨЛСЭР ХХК | C68: Charges for PORD Customer Payment :000451885696 | H68: 200 | I68: =+H68 -> 200 | AB68: =SUM(I68:AA68) -> 200 | AC68: =+AB68-H68 -> 0
A69: 2025-08-08 | B69: САМДАН АЛТАНГЭРЭЛ | C69: Charges for PORD Customer Payment :000452050853 | H69: 200 | I69: =+H69 -> 200 | AB69: =SUM(I69:AA69) -> 200 | AC69: =+AB69-H69 -> 0
A70: 2025-08-08 | B70: САМДАН АЛТАНГЭРЭЛ | C70: Charges for PORD Customer Payment :000452058432 | H70: 200 | I70: =+H70 -> 200 | AB70: =SUM(I70:AA70) -> 200 | AC70: =+AB70-H70 -> 0
A71: 2025-08-08 | B71: СҮРЭНЖАВ МӨНХЦЭЦЭГ | C71: Charges for PORD Customer Payment :000452140229 | H71: 200 | I71: =+H71 -> 200 | AB71: =SUM(I71:AA71) -> 200 | AC71: =+AB71-H71 -> 0
A72: 2025-08-08 | B72: Ихэрбүрд | C72: 5491762 | D72: 6000 | E72: 66000 | F72: =+E72-D72 -> 60000 | G72: Энгийн | H72: =+E72 -> 66000 | M72: =+H72 -> 66000 | AB72: =SUM(I72:AA72) -> 66000 | AC72: =+AB72-H72 -> 0 | AD72: нөат
A73: 2025-08-08 | B73: АГГТХ | C73: 6480411 | D73: 12000 | E73: 132000 | F73: =+E73-D73 -> 120000 | G73: Энгийн | H73: =+E73 -> 132000 | O73: =+H73 -> 132000 | AB73: =SUM(I73:AA73) -> 132000 | AC73: =+AB73-H73 -> 0 | AD73: нөат
A74: 2025-08-08 | B74: Петростар | C74: 5241901 | D74: 15069.09 | E74: 165760 | F74: =+E74-D74 -> 150690.91 | G74: Энгийн | H74: =+E74 -> 165760 | I74: =+H74 -> 165760 | AB74: =SUM(I74:AA74) -> 165760 | AC74: =+AB74-H74 -> 0 | AD74: нөат
A75: 2025-08-08 | B75: СҮРЭНЖАВ МӨНХЦЭЦЭГ | C75: ЖИГНҮҮР,СҮРЭНЖАВ МӨНХЦЭЦЭГ,ХААН ТӨВ БАНК | H75: 350000 | M75: 350000 | AB75: =SUM(I75:AA75) -> 350000 | AC75: =+AB75-H75 -> 0
A76: 2025-08-08 | B76: Хөлсэр | C76: 5910986 | D76: 45000 | E76: 495000 | F76: =+E76-D76 -> 450000 | G76: Энгийн | H76: =+E76 -> 495000 | M76: =+H76 -> 495000 | AB76: =SUM(I76:AA76) -> 495000 | AC76: =+AB76-H76 -> 0 | AD76: нөат
A77: 2025-08-08 | B77: Хөлсэр | C77: 5910986 | D77: 58450 | E77: 642950 | F77: =+E77-D77 -> 584500 | G77: Энгийн | H77: =+E77 -> 642950 | O77: =+H77 -> 642950 | AB77: =SUM(I77:AA77) -> 642950 | AC77: =+AB77-H77 -> 0 | AD77: нөат
A78: 2025-08-08 | B78: АГГТХ | C78: 6480411 | D78: 73500 | E78: 808500 | F78: =+E78-D78 -> 735000 | G78: Энгийн | H78: =+E78 -> 808500 | O78: =+H78 -> 808500 | AB78: =SUM(I78:AA78) -> 808500 | AC78: =+AB78-H78 -> 0 | AD78: нөат
A79: 2025-08-08 | B79: САМДАН АЛТАНГЭРЭЛ | C79: KOVSH SELBEG,САМДАН АЛТАНГЭРЭЛ,ХААН ТӨВ | H79: 808500 | O79: 808500 | AB79: =SUM(I79:AA79) -> 808500 | AC79: =+AB79-H79 -> 0
A80: 2025-08-08 | B80: Хаянхярваа ОЮУНТУЯА | C80: УЮ87072401 | D80: 197727.27 | E80: 2175000 | F80: =+E80-D80 -> 1977272.7 | G80: Энгийн | H80: =+E80 -> 2175000 | Q80: =+H80 -> 2175000 | AB80: =SUM(I80:AA80) -> 2175000 | AC80: =+AB80-H80 -> 0 | AD80: нөат
A81: 2025-08-09 | B81: ХУР ДЭЛГЭРЭХ ОЧИР | C81: Charges for PORD Customer Payment :000452337671 | H81: 200 | I81: =+H81 -> 200 | AB81: =SUM(I81:AA81) -> 200 | AC81: =+AB81-H81 -> 0
A82: 2025-08-09 | B82: БОЛОРЖАРГАЛ БАЯР | C82: Charges for PORD Customer Payment :000452376258 | H82: 200 | I82: =+H82 -> 200 | AB82: =SUM(I82:AA82) -> 200 | AC82: =+AB82-H82 -> 0
A83: 2025-08-09 | B83: НАРАНТУЯА САМААН | C83: Charges for PORD Customer Payment :000452442669 | H83: 200 | I83: =+H83 -> 200 | AB83: =SUM(I83:AA83) -> 200 | AC83: =+AB83-H83 -> 0
A84: 2025-08-09 | B84: БАЯСГАЛАН ШИНЭХҮҮ | C84: Charges for PORD Customer Payment :000452474988 | H84: 200 | I84: =+H84 -> 200 | AB84: =SUM(I84:AA84) -> 200 | AC84: =+AB84-H84 -> 0
A85: 2025-08-09 | B85: Мобиком корпораци | C85: 2072572 | D85: 3720.72 | E85: 40927.88 | F85: =+E85-D85 -> 37207.16 | G85: Энгийн | H85: =+E85 -> 40927.88 | I85: =+H85 -> 40927.88 | AB85: =SUM(I85:AA85) -> 40927.88 | AC85: =+AB85-H85 -> 0 | AD85: нөат
A86: 2025-08-09 | B86: Номадсхоспиталити | C86: 2737329 | D86: 6336.36 | E86: 69700 | F86: =+E86-D86 -> 63363.64 | G86: Энгийн | H86: =+E86 -> 69700 | I86: =+H86 -> 69700 | AB86: =SUM(I86:AA86) -> 69700 | AC86: =+AB86-H86 -> 0 | AD86: нөат
A87: 2025-08-09 | B87: НАРАНТУЯА САМААН | C87: 10,5 SAYIIN HUU,НАРАНТУЯА САМААН,ТӨРИЙН | H87: 148400 | J87: 148400 | AB87: =SUM(I87:AA87) -> 148400 | AC87: =+AB87-H87 -> 0
A88: 2025-08-09 | B88: БОЛОРЖАРГАЛ БАЯР | C88: АЖЛЫН ХУВЦАС ПП,БОЛОРЖАРГАЛ БАЯР,ХАС БАН | H88: 410850 | M88: 410850 | AB88: =SUM(I88:AA88) -> 410850 | AC88: =+AB88-H88 -> 0
A89: 2025-08-09 | B89: ХУР ДЭЛГЭРЭХ ОЧИР | C89: 88101131,ХУР ДЭЛГЭРЭХ ОЧИР,ХААН ТӨВ БАНК | H89: 450000 | O89: 450000 | AB89: =SUM(I89:AA89) -> 450000 | AC89: =+AB89-H89 -> 0
A90: 2025-08-09 | B90: Хүннү-Эйр | C90: 5514339 | D90: 0 | E90: 655400 | F90: =+E90-D90 -> 655400 | G90: 0 Хувь хэрэглэх | H90: =+E90 -> 655400 | I90: =+H90 -> 655400 | AB90: =SUM(I90:AA90) -> 655400 | AC90: =+AB90-H90 -> 0 | AD90: нөат
A91: 2025-08-09 | B91: Хүннү-Эйр | C91: 5514339 | D91: 0 | E91: 655400.59 | F91: =+E91-D91 -> 655400.59 | G91: 0 Хувь хэрэглэх | H91: =+E91 -> 655400.59 | I91: =+H91 -> 655400.59 | AB91: =SUM(I91:AA91) -> 655400.59 | AC91: =+AB91-H91 -> 0 | AD91: нөат
A92: 2025-08-09 | B92: БАЯСГАЛАН ШИНЭХҮҮ | C92: BOOR HIIH,БАЯСГАЛАН ШИНЭХҮҮ,ХААН ТӨВ БАН | H92: 800000 | O92: 800000 | AB92: =SUM(I92:AA92) -> 800000 | AC92: =+AB92-H92 -> 0
A93: 2025-08-09 | B93: Синчи-Ойл | C93: 2588617 | D93: 490909.09 | E93: 5400000 | F93: =+E93-D93 -> 4909090.9 | G93: Энгийн | H93: =+E93 -> 5400000 | P93: =+H93 -> 5400000 | AB93: =SUM(I93:AA93) -> 5400000 | AC93: =+AB93-H93 -> 0 | AD93: нөат
A94: 2025-08-10 | B94: ДАШДОРЖ ЭНХМАНДАХ | C94: Charges for PORD Customer Payment :000452760404 | H94: 200 | I94: =+H94 -> 200 | AB94: =SUM(I94:AA94) -> 200 | AC94: =+AB94-H94 -> 0
A95: 2025-08-10 | B95: Синчи газ | C95: 2638126 | D95: 0 | E95: 99000 | F95: =+E95-D95 -> 99000 | G95: Чөлөөлөгдөх | H95: =+E95 -> 99000 | M95: =+H95 -> 99000 | AB95: =SUM(I95:AA95) -> 99000 | AC95: =+AB95-H95 -> 0 | AD95: нөат
A96: 2025-08-10 | B96: ДАШДОРЖ ЭНХМАНДАХ | C96: ГП89053112 | D96: 0 | E96: 160000 | F96: =+E96-D96 -> 160000 | G96: Энгийн | H96: =+E96 -> 160000 | O96: =+H96 -> 160000 | AB96: =SUM(I96:AA96) -> 160000 | AC96: =+AB96-H96 -> 0 | AD96: нөат
A97: 2025-08-11 | B97: ЦАГААНЦООЖ СОСОРБАРАМ | C97: ПЮ79021500 | D97: 26363.64 | E97: 290000 | F97: =+E97-D97 -> 263636.36 | G97: Энгийн | H97: =+E97 -> 290000 | M97: =+H97 -> 290000 | AB97: =SUM(I97:AA97) -> 290000 | AC97: =+AB97-H97 -> 0 | AD97: нөат
A98: 2025-08-12 | B98: БАЛХУР | C98: Charges for PORD Customer Payment :000453442631 | H98: 200 | I98: =+H98 -> 200 | AB98: =SUM(I98:AA98) -> 200 | AC98: =+AB98-H98 -> 0
A99: 2025-08-12 | B99: ХОЛООХ БАТДОРЖ | C99: Charges for PORD Customer Payment :000453574568 | H99: 200 | I99: =+H99 -> 200 | AB99: =SUM(I99:AA99) -> 200 | AC99: =+AB99-H99 -> 0
A100: 2025-08-12 | B100: Панзэр рөүд | C100: 6728537 | D100: 0 | E100: 4400 | F100: =+E100-D100 -> 4400 | G100: Энгийн | H100: =+E100 -> 4400 | K100: =+H100 -> 4400 | AB100: =SUM(I100:AA100) -> 4400 | AC100: =+AB100-H100 -> 0 | AD100: нөат
A101: 2025-08-12 | B101: Панзэр рөүд | C101: 6728537 | D101: 0 | E101: 4400 | F101: =+E101-D101 -> 4400 | G101: Энгийн | H101: =+E101 -> 4400 | K101: =+H101 -> 4400 | AB101: =SUM(I101:AA101) -> 4400 | AC101: =+AB101-H101 -> 0 | AD101: нөат
A102: 2025-08-12 | B102: Бугант шунхлай | C102: 6488706 | D102: 13125 | E102: 147000 | F102: =+E102-D102 -> 133875 | G102: Энгийн | H102: =+E102 -> 147000 | P102: =+H102 -> 147000 | AB102: =SUM(I102:AA102) -> 147000 | AC102: =+AB102-H102 -> 0 | AD102: нөат
A103: 2025-08-12 | B103: БАЛХУР | C103: DARALT SHALANK,БАЛХУР,ХААН ТӨВ БАНК | H103: 291500 | O103: 291500 | AB103: =SUM(I103:AA103) -> 291500 | AC103: =+AB103-H103 -> 0
...

Sheet Sheet2
A1: Сар | B1: Харилцагчийн нэр | C1: Харилцагчийн ТТД | D1: НӨАТ | E1: Цэвэр дүн | F1: Нийт дүн | G1: Татварын төрөл | H1: Нийт Зардал | I1: Оффис хангамж | J1: Зээл | K1: Хүнс / кэмп | L1: ХАБ | M1: Хангамж | N1: Засварт | O1: Сэлбэг | P1: Түлш | Q1: Тос тосолгоо | R1: Цалин | S1: НӨӨЦ ашигласны төлбөр | T1: торгууль | U1: Лиценз | V1: Нийгмийн Хариуцлага | W1: Нөхөн сэргэлтийн төлбөр | X1: хогны төлбөр | Y1: газрын төлбөр | Z1: Суутган | AA1: НДШ | AB1: нийт зардал | AC1: Зардлын зөрүү
A2: 2025-08-01 | C2: Гүйлгээний шимтгэл | H2: 100 | I2: =+H2 -> 100 | AB2: =SUM(I2:AA2) -> 100 | AC2: =+AB2-H2 -> 0
A3: 2025-08-01 | B3: АЛТАНГЭРЭЛ БУДЖАВ | C3: Charges for PORD Customer Payment :000449092553 | H3: 200 | I3: =+H3 -> 200 | AB3: =SUM(I3:AA3) -> 200 | AC3: =+AB3-H3 -> 0
A4: 2025-08-01 | B4: АЛТАНГЭРЭЛ БУДЖАВ | C4: Charges for PORD Customer Payment :000449093268 | H4: 200 | I4: =+H4 -> 200 | AB4: =SUM(I4:AA4) -> 200 | AC4: =+AB4-H4 -> 0
A5: 2025-08-01 | B5: НУРМАА ЭРДЭНЭСҮХ | C5: Charges for PORD Customer Payment :000449364984 | H5: 200 | I5: =+H5 -> 200 | AB5: =SUM(I5:AA5) -> 200 | AC5: =+AB5-H5 -> 0
A6: 2025-08-01 | B6: АЛТАНГЭРЭЛ БУДЖАВ | C6: PP TULSH 20 L ZURUU,АЛТАНГЭРЭЛ БУДЖАВ,ХА | H6: 30000 | P6: 30000 | AB6: =SUM(I6:AA6) -> 30000 | AC6: =+AB6-H6 -> 0
A7: 2025-08-01 | B7: Синчи-Ойл | C7: 2588617 | D7: 4545.45 | E7: 50000 | F7: =+E7-D7 -> 45454.55 | G7: Энгийн | H7: =+E7 -> 50000 | I7: =+H7 -> 50000 | AB7: =SUM(I7:AA7) -> 50000 | AC7: =+AB7-H7 -> 0 | AD7: нөат
A8: 2025-08-01 | B8: Синчи-Ойл | C8: 2588617 | D8: 5090.91 | E8: 56000 | F8: =+E8-D8 -> 50909.09 | G8: Энгийн | H8: =+E8 -> 56000 | I8: =+H8 -> 56000 | AB8: =SUM(I8:AA8) -> 56000 | AC8: =+AB8-H8 -> 0 | AD8: нөат
A9: 2025-08-01 | B9: Алханатрейд | C9: 2595192 | D9: 18000 | E9: 198000 | F9: =+E9-D9 -> 180000 | G9: Энгийн | H9: =+E9 -> 198000 | O9: =+H9 -> 198000 | AB9: =SUM(I9:AA9) -> 198000 | AC9: =+AB9-H9 -> 0 | AD9: нөат
A10: 2025-08-01 | B10: Баялагжимс | C10: 5204569 | D10: 31972.909 | E10: 351702 | F10: =+E10-D10 -> 319729.09 | G10: Энгийн | H10: =+E10 -> 351702 | K10: =+H10 -> 351702 | AB10: =SUM(I10:AA10) -> 351702 | AC10: =+AB10-H10 -> 0 | AD10: нөат
A11: 2025-08-01 | B11: Очир ундраа ОМЗ ББСБ | C11: 2734745 | D11: 0 | E11: 1744508 | F11: =+E11-D11 -> 1744508 | G11: Чөлөөлөгдөх | H11: =+E11 -> 1744508 | J11: =+H11 -> 1744508 | AB11: =SUM(I11:AA11) -> 1744508 | AC11: =+AB11-H11 -> 0 | AD11: нөат
A12: 2025-08-01 | B12: ОЧИР УНДРАА ОМЗ ББСБ | C12: Б.ЭНХБАЯР, 88102299 | H12: 4289850 | J12: =H12 -> 4289850 | AB12: =SUM(I12:AA12) -> 4289850 | AC12: =+AB12-H12 -> 0
A13: 2025-08-02 | B13: Синчи-Ойл | C13: 2588617 | D13: 9090.91 | E13: 100000 | F13: =+E13-D13 -> 90909.09 | G13: Энгийн | H13: =+E13 -> 100000 | I13: =+H13 -> 100000 | AB13: =SUM(I13:AA13) -> 100000 | AC13: =+AB13-H13 -> 0 | AD13: нөат
A14: 2025-08-03 | B14: Нарлаг толгод | C14: 8420963 | D14: 6818.18 | E14: 75000 | F14: =+E14-D14 -> 68181.82 | G14: Энгийн | H14: =+E14 -> 75000 | I14: =+H14 -> 75000 | AB14: =SUM(I14:AA14) -> 75000 | AC14: =+AB14-H14 -> 0 | AD14: нөат
A15: 2025-08-03 | B15: Касс таун групп | C15: 6358128 | D15: 238803.57 | E15: 2674600 | F15: =+E15-D15 -> 2435796.4 | G15: Энгийн | H15: =+E15 -> 2674600 | O15: =+H15 -> 2674600 | AB15: =SUM(I15:AA15) -> 2674600 | AC15: =+AB15-H15 -> 0 | AD15: нөат
A16: 2025-08-04 | B16: ЭНХБАТ ЭРХЭС | C16: Charges for PORD Customer Payment :000450129391 | H16: 200 | I16: =+H16 -> 200 | AB16: =SUM(I16:AA16) -> 200 | AC16: =+AB16-H16 -> 0
A17: 2025-08-04 | B17: ОДБААТАР ОДГЭРЭЛ | C17: Charges for PORD Customer Payment :000450263017 | H17: 200 | I17: =+H17 -> 200 | AB17: =SUM(I17:AA17) -> 200 | AC17: =+AB17-H17 -> 0
A18: 2025-08-04 | B18: ПИРАМИДПРОГРЕСС | C18: Charges for PORD Customer Payment :000450283266 | H18: 200 | I18: =+H18 -> 200 | AB18: =SUM(I18:AA18) -> 200 | AC18: =+AB18-H18 -> 0
A19: 2025-08-04 | B19: ПИРАМИДПРОГРЕСС | C19: Charges for PORD Customer Payment :000450283415 | H19: 200 | I19: =+H19 -> 200 | AB19: =SUM(I19:AA19) -> 200 | AC19: =+AB19-H19 -> 0
A20: 2025-08-04 | B20: ПИРАМИДПРОГРЕСС | C20: Charges for PORD Customer Payment :000450283719 | H20: 200 | I20: =+H20 -> 200 | AB20: =SUM(I20:AA20) -> 200 | AC20: =+AB20-H20 -> 0
A21: 2025-08-04 | B21: ПИРАМИДПРОГРЕСС | C21: Charges for PORD Customer Payment :000450314756 | H21: 200 | I21: =+H21 -> 200 | AB21: =SUM(I21:AA21) -> 200 | AC21: =+AB21-H21 -> 0
A22: 2025-08-04 | B22: ПИРАМИДПРОГРЕСС | C22: Charges for PORD Customer Payment :000450315422 | H22: 200 | I22: =+H22 -> 200 | AB22: =SUM(I22:AA22) -> 200 | AC22: =+AB22-H22 -> 0
A23: 2025-08-04 | B23: Хос судар | C23: 6039731 | D23: 318.18182 | E23: 3500 | F23: =+E23-D23 -> 3181.8182 | G23: Энгийн | H23: =+E23 -> 3500 | K23: =+H23 -> 3500 | AB23: =SUM(I23:AA23) -> 3500 | AC23: =+AB23-H23 -> 0 | AD23: нөат
A24: 2025-08-04 | B24: ОДБААТАР ОДГЭРЭЛ | C24: TSAGIIN BURTGEL,ОДБААТАР ОДГЭРЭЛ,ХААН ТӨ | H24: 3500 | I24: 3500 | AB24: =SUM(I24:AA24) -> 3500 | AC24: =+AB24-H24 -> 0
A25: 2025-08-04 | B25: Ойнбирж | C25: 2026945 | D25: 9090.91 | E25: 100000 | F25: =+E25-D25 -> 90909.09 | G25: Энгийн | H25: =+E25 -> 100000 | I25: =+H25 -> 100000 | AB25: =SUM(I25:AA25) -> 100000 | AC25: =+AB25-H25 -> 0 | AD25: нөат
A26: 2025-08-04 | B26: Содон сондор гэрэлтүүлэг | C26: 3576388 | D26: 0 | E26: 121500 | F26: =+E26-D26 -> 121500 | G26: Энгийн | H26: =+E26 -> 121500 | O26: =+H26 -> 121500 | AB26: =SUM(I26:AA26) -> 121500 | AC26: =+AB26-H26 -> 0 | AD26: нөат
A27: 2025-08-04 | B27: ЭНХБАТ ЭРХЭС | C27: TSAGILGAAN ZASVAR 3 TEHBIK,ЭНХБАТ ЭРХЭС, | H27: 500000 | N27: 500000 | AB27: =SUM(I27:AA27) -> 500000 | AC27: =+AB27-H27 -> 0
A28: 2025-08-05 | B28: ДОРЖСҮРЭН БАЯРБАТ | C28: Charges for PORD Customer Payment :000450656537 | H28: 200 | I28: =+H28 -> 200 | AB28: =SUM(I28:AA28) -> 200 | AC28: =+AB28-H28 -> 0
A29: 2025-08-05 | B29: НЭРГҮЙ ХУЯГБААТАР | C29: Charges for PORD Customer Payment :000450671766 | H29: 200 | I29: =+H29 -> 200 | AB29: =SUM(I29:AA29) -> 200 | AC29: =+AB29-H29 -> 0
A30: 2025-08-05 | B30: БААСАНХҮҮ ЦОГГЭРЭЛ | C30: Charges for PORD Customer Payment :000450703037 | H30: 200 | I30: =+H30 -> 200 | AB30: =SUM(I30:AA30) -> 200 | AC30: =+AB30-H30 -> 0
A31: 2025-08-05 | B31: ОЧИР УНДРАА ОМЗ ББСБ | C31: Charges for PORD Customer Payment :000450712336 | H31: 200 | I31: =+H31 -> 200 | AB31: =SUM(I31:AA31) -> 200 | AC31: =+AB31-H31 -> 0
A32: 2025-08-05 | B32: БУЛЛ КАПИТАЛ ББСБ | C32: Charges for PORD Customer Payment :000450713638 | H32: 200 | I32: =+H32 -> 200 | AB32: =SUM(I32:AA32) -> 200 | AC32: =+AB32-H32 -> 0
A33: 2025-08-05 | B33: ЭРДЭНЭЧИМЭГ СОДГЭРЭЛ | C33: Charges for PORD Customer Payment :000450820509 | H33: 200 | I33: =+H33 -> 200 | AB33: =SUM(I33:AA33) -> 200 | AC33: =+AB33-H33 -> 0
A34: 2025-08-05 | B34: ХОЛООХ БАТНЯМ | C34: Charges for PORD Customer Payment :000450821953 | H34: 200 | I34: =+H34 -> 200 | AB34: =SUM(I34:AA34) -> 200 | AC34: =+AB34-H34 -> 0
A35: 2025-08-05 | B35: АРИУНБОЛД БАТСУУРЬ | C35: Charges for PORD Customer Payment :000450824044 | H35: 200 | I35: =+H35 -> 200 | AB35: =SUM(I35:AA35) -> 200 | AC35: =+AB35-H35 -> 0
A36: 2025-08-05 | B36: СҮРЭНЖАВ МӨНХЦЭЦЭГ | C36: Charges for PORD Customer Payment :000450824578 | H36: 200 | I36: =+H36 -> 200 | AB36: =SUM(I36:AA36) -> 200 | AC36: =+AB36-H36 -> 0
A37: 2025-08-05 | B37: БАТТОГТОХ ДОВЧИН | C37: Charges for PORD Customer Payment :000450825696 | H37: 200 | I37: =+H37 -> 200 | AB37: =SUM(I37:AA37) -> 200 | AC37: =+AB37-H37 -> 0
A38: 2025-08-05 | B38: ЛХААЖАВ ДАРИНЧУЛУУН | C38: Charges for PORD Customer Payment :000450826367 | H38: 200 | I38: =+H38 -> 200 | AB38: =SUM(I38:AA38) -> 200 | AC38: =+AB38-H38 -> 0
A39: 2025-08-05 | B39: ХУДАЙ ТӨМӨРХУЯГ | C39: Charges for PORD Customer Payment :000450828079 | H39: 200 | I39: =+H39 -> 200 | AB39: =SUM(I39:AA39) -> 200 | AC39: =+AB39-H39 -> 0
... A43: 2025-08-05 | B43: МӨНХЖАРГАЛ УГТАХБАЯР | C43: Charges for PORD Customer Payment :000450835280 | H43: 200 | I43: =+H43 -> 200 | AB43: =SUM(I43:AA43) -> 200 | AC43: =+AB43-H43 -> 0
A44: 2025-08-05 | B44: НЭРГҮЙ ХУЯГБААТАР | C44: DUGUI ZASVAR,НЭРГҮЙ ХУЯГБААТАР,ХААН ТӨВ | H44: 15000 | N44: 15000 | AB44: =SUM(I44:AA44) -> 15000 | AC44: =+AB44-H44 -> 0
A45: 2025-08-05 | B45: Хосбилгүүн зул | C45: 5200482 | D45: 2152.91 | E45: 23682 | F45: =+E45-D45 -> 21529.09 | G45: Энгийн | H45: =+E45 -> 23682 | K45: =+H45 -> 23682 | AB45: =SUM(I45:AA45) -> 23682 | AC45: =+AB45-H45 -> 0 | AD45: нөат
A46: 2025-08-05 | B46: Нарлаг толгод | C46: 8420963 | D46: 2363.64 | E46: 26000 | F46: =+E46-D46 -> 23636.36 | G46: Энгийн | H46: =+E46 -> 26000 | P46: 26000 | AB46: =SUM(I46:AA46) -> 26000 | AC46: =+AB46-H46 -> 0 | AD46: нөат
A47: 2025-08-05 | B47: Нарлаг толгод | C47: 8420963 | D47: 3027.27 | E47: 33300 | F47: =+E47-D47 -> 30272.73 | G47: Энгийн | H47: =+E47 -> 33300 | I47: =+H47 -> 33300 | AB47: =SUM(I47:AA47) -> 33300 | AC47: =+AB47-H47 -> 0 | AD47: нөат
A48: 2025-08-05 | B48: ЮНИТЕЛ | C48: 5036895 | D48: 6493.18 | E48: 71425 | F48: =+E48-D48 -> 64931.82 | G48: Энгийн | H48: =+E48 -> 71425 | I48: =+H48 -> 71425 | AB48: =SUM(I48:AA48) -> 71425 | AC48: =+AB48-H48 -> 0 | AD48: нөат
A49: 2025-08-05 | B49: Моннидер | C49: 2824795 | D49: 7765.45 | E49: 85420 | F49: =+E49-D49 -> 77654.55 | G49: Энгийн | H49: =+E49 -> 85420 | K49: =+H49 -> 85420 | AB49: =SUM(I49:AA49) -> 85420 | AC49: =+AB49-H49 -> 0 | AD49: нөат
A50: 2025-08-05 | B50: ШИЖИРБААТАР ЛХАГВАСҮРЭН | C50: НО94102609 | D50: 0 | E50: 225150 | F50: =+E50-D50 -> 225150 | G50: Энгийн | H50: =+E50 -> 225150 | M50: =+H50 -> 225150 | AB50: =SUM(I50:AA50) -> 225150 | AC50: =+AB50-H50 -> 0 | AD50: нөат
A51: 2025-08-05 | B51: ОЧИР УНДРАА ОМЗ ББСБ | C51: НХ87112810 Б.МӨНХБАЯР УТАС 88101131,ОЧИР | H51: 580000 | J51: 580000 | AB51: =SUM(I51:AA51) -> 580000 | AC51: =+AB51-H51 -> 0
A52: 2025-08-05 | B52: БААСАНХҮҮ ЦОГГЭРЭЛ | C52: MAHNI UNE,БААСАНХҮҮ ЦОГГЭРЭЛ,ХААН ТӨВ БА | H52: 750000 | K52: 750000 | AB52: =SUM(I52:AA52) -> 750000 | AC52: =+AB52-H52 -> 0
A53: 2025-08-05 | B53: БУЛЛ КАПИТАЛ ББСБ | C53: УВ76060235 Н.ЭРДЭНЭСҮХ УТАС 9910462 5,БУ | H53: 3160000 | J53: 3160000 | AB53: =SUM(I53:AA53) -> 3160000 | AC53: =+AB53-H53 -> 0
A54: 2025-08-06 | B54: ДЭМБЭРЭЛСҮРЭН ЭРДЭНЭЦЭЦЭГ | C54: Charges for PORD Customer Payment :000451006949 | H54: 200 | I54: =+H54 -> 200 | AB54: =SUM(I54:AA54) -> 200 | AC54: =+AB54-H54 -> 0
A55: 2025-08-06 | B55: ӨСӨХ ИДЭР ИРЭЭДҮЙ | C55: Charges for PORD Customer Payment :000451078628 | H55: 200 | I55: =+H55 -> 200 | AB55: =SUM(I55:AA55) -> 200 | AC55: =+AB55-H55 -> 0
A56: 2025-08-06 | B56: Моннидер | C56: 2824795 | D56: 2000 | E56: 22000 | F56: =+E56-D56 -> 20000 | G56: Энгийн | H56: =+E56 -> 22000 | M56: =+H56 -> 22000 | AB56: =SUM(I56:AA56) -> 22000 | AC56: =+AB56-H56 -> 0 | AD56: нөат
A57: 2025-08-06 | B57: Өсөх идэр ирээдүй | C57: 6548644 | D57: 19550 | E57: 215050 | F57: =+E57-D57 -> 195500 | G57: Энгийн | H57: =+E57 -> 215050 | M57: =+H57 -> 215050 | AB57: =SUM(I57:AA57) -> 215050 | AC57: =+AB57-H57 -> 0 | AD57: нөат
A58: 2025-08-07 | B58: Нарлаг толгод | C58: 8420963 | D58: 363.64 | E58: 4000 | F58: =+E58-D58 -> 3636.36 | G58: Энгийн | H58: =+E58 -> 4000 | I58: =+H58 -> 4000 | AB58: =SUM(I58:AA58) -> 4000 | AC58: =+AB58-H58 -> 0 | AD58: нөат
A59: 2025-08-07 | B59: ГАНТУЛГА МӨНХДАЛАЙ | C59: УС86101903 | D59: 0 | E59: 76500 | F59: =+E59-D59 -> 76500 | G59: Энгийн | H59: =+E59 -> 76500 | M59: =+H59 -> 76500 | AB59: =SUM(I59:AA59) -> 76500 | AC59: =+AB59-H59 -> 0 | AD59: нөат
A60: 2025-08-07 | B60: ГАНТУЛГА МӨНХДАЛАЙ | C60: УС86101903 | D60: 0 | E60: 76500 | F60: =+E60-D60 -> 76500 | G60: Энгийн | H60: =+E60 -> 76500 | M60: =+H60 -> 76500 | AB60: =SUM(I60:AA60) -> 76500 | AC60: =+AB60-H60 -> 0 | AD60: нөат
A61: 2025-08-07 | B61: ЖАМБАЛЖАВ ХОРЛОО | C61: ШД72073163 | D61: 0 | E61: 114000 | F61: =+E61-D61 -> 114000 | G61: Энгийн | H61: =+E61 -> 114000 | N61: =+H61 -> 114000 | AB61: =SUM(I61:AA61) -> 114000 | AC61: =+AB61-H61 -> 0 | AD61: нөат
A62: 2025-08-07 | B62: Содмонгол групп | C62: 2577739 | D62: 12263.64 | E62: 134900 | F62: =+E62-D62 -> 122636.36 | G62: Энгийн | H62: =+E62 -> 134900 | P62: =+H62 -> 134900 | AB62: =SUM(J62:AA62) -> 134900 | AC62: =+AB62-H62 -> 0 | AD62: нөат
A63: 2025-08-07 | B63: БАТЭРДЭНЭ МАРАЛМАА | C63: УЗ92072565 | D63: 30527.27 | E63: 335800 | F63: =+E63-D63 -> 305272.73 | G63: Энгийн | H63: =+E63 -> 335800 | K63: =+H63 -> 335800 | AB63: =SUM(I63:AA63) -> 335800 | AC63: =+AB63-H63 -> 0 | AD63: нөат
A64: 2025-08-08 | B64: ХӨЛСЭР ХХК | C64: Charges for PORD Customer Payment :000451885696 | H64: 200 | I64: =+H64 -> 200 | AB64: =SUM(I64:AA64) -> 200 | AC64: =+AB64-H64 -> 0
A65: 2025-08-08 | B65: САМДАН АЛТАНГЭРЭЛ | C65: Charges for PORD Customer Payment :000452050853 | H65: 200 | I65: =+H65 -> 200 | AB65: =SUM(I65:AA65) -> 200 | AC65: =+AB65-H65 -> 0
A66: 2025-08-08 | B66: САМДАН АЛТАНГЭРЭЛ | C66: Charges for PORD Customer Payment :000452058432 | H66: 200 | I66: =+H66 -> 200 | AB66: =SUM(I66:AA66) -> 200 | AC66: =+AB66-H66 -> 0
A67: 2025-08-08 | B67: СҮРЭНЖАВ МӨНХЦЭЦЭГ | C67: Charges for PORD Customer Payment :000452140229 | H67: 200 | I67: =+H67 -> 200 | AB67: =SUM(I67:AA67) -> 200 | AC67: =+AB67-H67 -> 0
A68: 2025-08-08 | B68: Ихэрбүрд | C68: 5491762 | D68: 6000 | E68: 66000 | F68: =+E68-D68 -> 60000 | G68: Энгийн | H68: =+E68 -> 66000 | M68: =+H68 -> 66000 | AB68: =SUM(I68:AA68) -> 66000 | AC68: =+AB68-H68 -> 0 | AD68: нөат
A69: 2025-08-08 | B69: АГГТХ | C69: 6480411 | D69: 12000 | E69: 132000 | F69: =+E69-D69 -> 120000 | G69: Энгийн | H69: =+E69 -> 132000 | O69: =+H69 -> 132000 | AB69: =SUM(I69:AA69) -> 132000 | AC69: =+AB69-H69 -> 0 | AD69: нөат
A70: 2025-08-08 | B70: Петростар | C70: 5241901 | D70: 15069.09 | E70: 165760 | F70: =+E70-D70 -> 150690.91 | G70: Энгийн | H70: =+E70 -> 165760 | I70: =+H70 -> 165760 | AB70: =SUM(I70:AA70) -> 165760 | AC70: =+AB70-H70 -> 0 | AD70: нөат
A71: 2025-08-08 | B71: СҮРЭНЖАВ МӨНХЦЭЦЭГ | C71: ЖИГНҮҮР,СҮРЭНЖАВ МӨНХЦЭЦЭГ,ХААН ТӨВ БАНК | H71: 350000 | M71: 350000 | AB71: =SUM(I71:AA71) -> 350000 | AC71: =+AB71-H71 -> 0
A72: 2025-08-08 | B72: Хөлсэр | C72: 5910986 | D72: 45000 | E72: 495000 | F72: =+E72-D72 -> 450000 | G72: Энгийн | H72: =+E72 -> 495000 | M72: =+H72 -> 495000 | AB72: =SUM(I72:AA72) -> 495000 | AC72: =+AB72-H72 -> 0 | AD72: нөат
A73: 2025-08-08 | B73: Хөлсэр | C73: 5910986 | D73: 58450 | E73: 642950 | F73: =+E73-D73 -> 584500 | G73: Энгийн | H73: =+E73 -> 642950 | O73: =+H73 -> 642950 | AB73: =SUM(I73:AA73) -> 642950 | AC73: =+AB73-H73 -> 0 | AD73: нөат
A74: 2025-08-08 | B74: АГГТХ | C74: 6480411 | D74: 73500 | E74: 808500 | F74: =+E74-D74 -> 735000 | G74: Энгийн | H74: =+E74 -> 808500 | O74: =+H74 -> 808500 | AB74: =SUM(I74:AA74) -> 808500 | AC74: =+AB74-H74 -> 0 | AD74: нөат
A75: 2025-08-08 | B75: САМДАН АЛТАНГЭРЭЛ | C75: KOVSH SELBEG,САМДАН АЛТАНГЭРЭЛ,ХААН ТӨВ | H75: 808500 | O75: 808500 | AB75: =SUM(I75:AA75) -> 808500 | AC75: =+AB75-H75 -> 0
A76: 2025-08-08 | B76: Хаянхярваа ОЮУНТУЯА | C76: УЮ87072401 | D76: 197727.27 | E76: 2175000 | F76: =+E76-D76 -> 1977272.7 | G76: Энгийн | H76: =+E76 -> 2175000 | Q76: =+H76 -> 2175000 | AB76: =SUM(I76:AA76) -> 2175000 | AC76: =+AB76-H76 -> 0 | AD76: нөат
A77: 2025-08-09 | B77: ХУР ДЭЛГЭРЭХ ОЧИР | C77: Charges for PORD Customer Payment :000452337671 | H77: 200 | I77: =+H77 -> 200 | AB77: =SUM(I77:AA77) -> 200 | AC77: =+AB77-H77 -> 0
A78: 2025-08-09 | B78: БОЛОРЖАРГАЛ БАЯР | C78: Charges for PORD Customer Payment :000452376258 | H78: 200 | I78: =+H78 -> 200 | AB78: =SUM(I78:AA78) -> 200 | AC78: =+AB78-H78 -> 0
A79: 2025-08-09 | B79: НАРАНТУЯА САМААН | C79: Charges for PORD Customer Payment :000452442669 | H79: 200 | I79: =+H79 -> 200 | AB79: =SUM(I79:AA79) -> 200 | AC79: =+AB79-H79 -> 0
A80: 2025-08-09 | B80: БАЯСГАЛАН ШИНЭХҮҮ | C80: Charges for PORD Customer Payment :000452474988 | H80: 200 | I80: =+H80 -> 200 | AB80: =SUM(I80:AA80) -> 200 | AC80: =+AB80-H80 -> 0
A81: 2025-08-09 | B81: Мобиком корпораци | C81: 2072572 | D81: 3720.72 | E81: 40927.88 | F81: =+E81-D81 -> 37207.16 | G81: Энгийн | H81: =+E81 -> 40927.88 | I81: =+H81 -> 40927.88 | AB81: =SUM(I81:AA81) -> 40927.88 | AC81: =+AB81-H81 -> 0 | AD81: нөат
A82: 2025-08-09 | B82: Номадсхоспиталити | C82: 2737329 | D82: 6336.36 | E82: 69700 | F82: =+E82-D82 -> 63363.64 | G82: Энгийн | H82: =+E82 -> 69700 | I82: =+H82 -> 69700 | AB82: =SUM(I82:AA82) -> 69700 | AC82: =+AB82-H82 -> 0 | AD82: нөат
A83: 2025-08-09 | B83: НАРАНТУЯА САМААН | C83: 10,5 SAYIIN HUU,НАРАНТУЯА САМААН,ТӨРИЙН | H83: 148400 | J83: 148400 | AB83: =SUM(I83:AA83) -> 148400 | AC83: =+AB83-H83 -> 0
A84: 2025-08-09 | B84: БОЛОРЖАРГАЛ БАЯР | C84: АЖЛЫН ХУВЦАС ПП,БОЛОРЖАРГАЛ БАЯР,ХАС БАН | H84: 410850 | M84: 410850 | AB84: =SUM(I84:AA84) -> 410850 | AC84: =+AB84-H84 -> 0
A85: 2025-08-09 | B85: ХУР ДЭЛГЭРЭХ ОЧИР | C85: 88101131,ХУР ДЭЛГЭРЭХ ОЧИР,ХААН ТӨВ БАНК | H85: 450000 | O85: 450000 | AB85: =SUM(I85:AA85) -> 450000 | AC85: =+AB85-H85 -> 0
A86: 2025-08-09 | B86: Хүннү-Эйр | C86: 5514339 | D86: 0 | E86: 655400 | F86: =+E86-D86 -> 655400 | G86: 0 Хувь хэрэглэх | H86: =+E86 -> 655400 | I86: =+H86 -> 655400 | AB86: =SUM(I86:AA86) -> 655400 | AC86: =+AB86-H86 -> 0 | AD86: нөат
A87: 2025-08-09 | B87: Хүннү-Эйр | C87: 5514339 | D87: 0 | E87: 655400.59 | F87: =+E87-D87 -> 655400.59 | G87: 0 Хувь хэрэглэх | H87: =+E87 -> 655400.59 | I87: =+H87 -> 655400.59 | AB87: =SUM(I87:AA87) -> 655400.59 | AC87: =+AB87-H87 -> 0 | AD87: нөат
A88: 2025-08-09 | B88: БАЯСГАЛАН ШИНЭХҮҮ | C88: BOOR HIIH,БАЯСГАЛАН ШИНЭХҮҮ,ХААН ТӨВ БАН | H88: 800000 | O88: 800000 | AB88: =SUM(I88:AA88) -> 800000 | AC88: =+AB88-H88 -> 0
A89: 2025-08-09 | B89: Синчи-Ойл | C89: 2588617 | D89: 490909.09 | E89: 5400000 | F89: =+E89-D89 -> 4909090.9 | G89: Энгийн | H89: =+E89 -> 5400000 | P89: =+H89 -> 5400000 | AB89: =SUM(I89:AA89) -> 5400000 | AC89: =+AB89-H89 -> 0 | AD89: нөат
A90: 2025-08-10 | B90: ДАШДОРЖ ЭНХМАНДАХ | C90: Charges for PORD Customer Payment :000452760404 | H90: 200 | I90: =+H90 -> 200 | AB90: =SUM(I90:AA90) -> 200 | AC90: =+AB90-H90 -> 0
A91: 2025-08-10 | B91: Синчи газ | C91: 2638126 | D91: 0 | E91: 99000 | F91: =+E91-D91 -> 99000 | G91: Чөлөөлөгдөх | H91: =+E91 -> 99000 | M91: =+H91 -> 99000 | AB91: =SUM(I91:AA91) -> 99000 | AC91: =+AB91-H91 -> 0 | AD91: нөат
A92: 2025-08-10 | B92: ДАШДОРЖ ЭНХМАНДАХ | C92: ГП89053112 | D92: 0 | E92: 160000 | F92: =+E92-D92 -> 160000 | G92: Энгийн | H92: =+E92 -> 160000 | O92: =+H92 -> 160000 | AB92: =SUM(I92:AA92) -> 160000 | AC92: =+AB92-H92 -> 0 | AD92: нөат
A93: 2025-08-11 | B93: ЦАГААНЦООЖ СОСОРБАРАМ | C93: ПЮ79021500 | D93: 26363.64 | E93: 290000 | F93: =+E93-D93 -> 263636.36 | G93: Энгийн | H93: =+E93 -> 290000 | M93: =+H93 -> 290000 | AB93: =SUM(I93:AA93) -> 290000 | AC93: =+AB93-H93 -> 0 | AD93: нөат
A94: 2025-08-12 | B94: БАЛХУР | C94: Charges for PORD Customer Payment :000453442631 | H94: 200 | I94: =+H94 -> 200 | AB94: =SUM(I94:AA94) -> 200 | AC94: =+AB94-H94 -> 0
A95: 2025-08-12 | B95: ХОЛООХ БАТДОРЖ | C95: Charges for PORD Customer Payment :000453574568 | H95: 200 | I95: =+H95 -> 200 | AB95: =SUM(I95:AA95) -> 200 | AC95: =+AB95-H95 -> 0
A96: 2025-08-12 | B96: Панзэр рөүд | C96: 6728537 | D96: 0 | E96: 4400 | F96: =+E96-D96 -> 4400 | G96: Энгийн | H96: =+E96 -> 4400 | K96: =+H96 -> 4400 | AB96: =SUM(I96:AA96) -> 4400 | AC96: =+AB96-H96 -> 0 | AD96: нөат
A97: 2025-08-12 | B97: Панзэр рөүд | C97: 6728537 | D97: 0 | E97: 4400 | F97: =+E97-D97 -> 4400 | G97: Энгийн | H97: =+E97 -> 4400 | K97: =+H97 -> 4400 | AB97: =SUM(I97:AA97) -> 4400 | AC97: =+AB97-H97 -> 0 | AD97: нөат
A98: 2025-08-12 | B98: Бугант шунхлай | C98: 6488706 | D98: 13125 | E98: 147000 | F98: =+E98-D98 -> 133875 | G98: Энгийн | H98: =+E98 -> 147000 | P98: =+H98 -> 147000 | AB98: =SUM(I98:AA98) -> 147000 | AC98: =+AB98-H98 -> 0 | AD98: нөат
A99: 2025-08-12 | B99: БАЛХУР | C99: DARALT SHALANK,БАЛХУР,ХААН ТӨВ БАНК | H99: 291500 | O99: 291500 | AB99: =SUM(I99:AA99) -> 291500 | AC99: =+AB99-H99 -> 0
A100: 2025-08-12 | B100: Бөхбат партнеринг | C100: 6448089 | D100: 51785.714 | E100: 580000 | F100: =+E100-D100 -> 528214.29 | G100: Энгийн | H100: =+E100 -> 580000 | I100: =+H100 -> 580000 | AB100: =SUM(I100:AA100) -> 580000 | AC100: =+AB100-H100 -> 0 | AD100: нөат
A101: 2025-08-12 | B101: ХОЛООХ БАТДОРЖ | C101: KAMER BICHIGCH,ХОЛООХ БАТДОРЖ,ХААН ТӨВ Б | H101: 650000 | I101: 650000 | AB101: =SUM(I101:AA101) -> 650000 | AC101: =+AB101-H101 -> 0
A102: 2025-08-12 | B102: Сибкабель энержи | C102: 5391571 | D102: 90909.091 | E102: 1000000 | F102: =+E102-D102 -> 909090.91 | G102: Энгийн | H102: =+E102 -> 1000000 | N102: =+H102 -> 1000000 | AB102: =SUM(I102:AA102) -> 1000000 | AC102: =+AB102-H102 -> 0 | AD102: нөат
A103: 2025-08-13 | B103: Ган арвижих төмөр | C103: 7153993 | D103: 6363.6364 | E103: 70000 | F103: =+E103-D103 -> 63636.364 | G103: Энгийн | H103: =+E103 -> 70000 | N103: =+H103 -> 70000 | AB103: =SUM(I103:AA103) -> 70000 | AC103: =+AB103-H103 -> 0 | AD103: нөат
...

Sheet 9
G1: 4145
D2: 252,525.9₮ | E2: 6,298,470.23₮ | F2: 6,045,944.33₮
A3: Сар | B3: Харилцагчийн нэр | C3: Харилцагчийн ТТД | D3: НӨАТ | E3: Цэвэр дүн | F3: Нийт дүн | G3: Татварын төрөл | H3: Нийт Зардал | I3: Оффис хангамж | J3: Зээл | K3: Хүнс / кэмп | L3: ХАБ | M3: Хангамж | N3: Засварт | O3: Сэлбэг | P3: Түлш | Q3: Тос тосолгоо | R3: Цалин | S3: НӨӨЦ ашигласны төлбөр | T3: торгууль | U3: Лиценз | V3: Нийгмийн Хариуцлага | W3: Нөхөн сэргэлтийн төлбөр | X3: хогны төлбөр | Y3: газрын төлбөр | Z3: Суутган | AA3: НДШ | AB3: нийт зардал | AC3: Зардлын зөрүү
D4: =SUM(D6:D162) -> 252525.9 | E4: =SUM(E6:E162) -> 6302615.2 | F4: =SUM(F6:F162) -> 6050089.3 | H4: =+AB4 -> 6302615.2 | I4: =SUM(I6:I162) -> 2774173 | J4: =SUM(J6:J162) -> 1762775.2 | K4: =SUM(K6:K162) -> 149600 | L4: =SUM(L6:L162) -> 0 | M4: =SUM(M6:M162) -> 37000 | N4: =SUM(N6:N162) -> 310000 | O4: =SUM(O6:O162) -> 822500 | P4: =SUM(P6:P162) -> 218067 | ... AA4: =SUM(AA6:AA162) -> 0 | AB4: =SUM(I4:AA4) -> 6302615.2 | AC4: =SUM(AC6:AC162) -> 0
F5: 1 | I5: =+I4/$H$4 -> 0.4401622 | K5: =+K4/$H$4 -> 0.023736178 | L5: =+L4/$H$4 -> 0 | M5: =+M4/$H$4 -> 0.0058705789 | N5: =+N4/$H$4 -> 0.049185931 | O5: =+O4/$H$4 -> 0.13050138 | P5: =+P4/$H$4 -> 0.034599447 | Q5: =+Q4/$H$4 -> 0.036254791 | R5: =+R4/$H$4 -> 0 | ... AC5: =+AC4/$H$4 -> 0
A6: 2025-09-10 | B6: ДОЛГОР БОЛДХУЯГ | C6: РД77112800 | D6: 0 | E6: 1880000 | F6: =+E6-D6 -> 1880000 | G6: Энгийн | H6: =+E6 -> 1880000 | I6: =+H6 -> 1880000 | AB6: =SUM(I6:AA6) -> 1880000 | AC6: =+AB6-H6 -> 0
A7: 2025-09-10 | B7: Их төмөрт | C7: 6036031 | D7: 28181.818 | E7: 310000 | F7: =+E7-D7 -> 281818.18 | G7: Энгийн | H7: =+E7 -> 310000 | N7: =+H7 -> 310000 | AB7: =SUM(I7:AA7) -> 310000 | AC7: =+AB7-H7 -> 0
A8: 2025-09-09 | B8: Нарлаг толгод | C8: 8420963 | D8: 8427.27 | E8: 92700 | F8: =+E8-D8 -> 84272.73 | G8: Энгийн | H8: =+E8 -> 92700 | I8: =+H8 -> 92700 | AB8: =SUM(I8:AA8) -> 92700 | AC8: =+AB8-H8 -> 0
A9: 2025-09-09 | B9: Хаянхярваа ОЮУНТУЯА | C9: УЮ87072401 | D9: 20772.73 | E9: 228500 | F9: =+E9-D9 -> 207727.27 | G9: Энгийн | H9: =+E9 -> 228500 | Q9: =+H9 -> 228500 | AB9: =SUM(I9:AA9) -> 228500 | AC9: =+AB9-H9 -> 0
A10: 2025-09-09 | B10: Нарлаг толгод | C10: 8420963 | D10: 3840 | E10: 42240 | F10: =+E10-D10 -> 38400 | G10: Энгийн | H10: =+E10 -> 42240 | I10: =+H10 -> 42240 | AB10: =SUM(I10:AA10) -> 42240 | AC10: =+AB10-H10 -> 0
A11: 2025-09-08 | B11: Энх арвай | C11: 6237614 | D11: 13600 | E11: 149600 | F11: =+E11-D11 -> 136000 | G11: Энгийн | H11: =+E11 -> 149600 | K11: =+H11 -> 149600 | AB11: =SUM(I11:AA11) -> 149600 | AC11: =+AB11-H11 -> 0
A12: 2025-09-07 | B12: НЯМЖАВ ОТГОНБААТАР | C12: УХ88122116 | D12: 0 | E12: 37000 | F12: =+E12-D12 -> 37000 | G12: Энгийн | H12: =+E12 -> 37000 | M12: =+H12 -> 37000 | AB12: =SUM(I12:AA12) -> 37000 | AC12: =+AB12-H12 -> 0
A13: 2025-09-07 | B13: Таван богд фүүдс пицца | C13: 5803403 | D13: 6363.64 | E13: 70000 | F13: =+E13-D13 -> 63636.36 | G13: Энгийн | H13: =+E13 -> 70000 | I13: =+H13 -> 70000 | AB13: =SUM(I13:AA13) -> 70000 | AC13: =+AB13-H13 -> 0
A14: 2025-09-07 | B14: Нарлаг толгод | C14: 8420963 | D14: 10083.6 | E14: 111000 | F14: =+E14-D14 -> 100916.4 | G14: Энгийн | H14: =+E14 -> 111000 | I14: =+H14 -> 111000 | AB14: =SUM(I14:AA14) -> 111000 | AC14: =+AB14-H14 -> 0
A15: 2025-09-06 | B15: Балхур | C15: 6608329 | D15: 15000 | E15: 165000 | F15: =+E15-D15 -> 150000 | G15: Энгийн | H15: =+E15 -> 165000 | O15: =+H15 -> 165000 | AB15: =SUM(I15:AA15) -> 165000 | AC15: =+AB15-H15 -> 0
A16: 2025-09-06 | B16: Нарлаг толгод | C16: 8420963 | D16: 8522.73 | E16: 93750 | F16: =+E16-D16 -> 85227.27 | G16: Энгийн | H16: =+E16 -> 93750 | I16: =+H16 -> 93750 | AB16: =SUM(I16:AA16) -> 93750 | AC16: =+AB16-H16 -> 0
A17: 2025-09-05 | B17: Нарлаг толгод | C17: 8420963 | D17: 5545.45 | E17: 61000 | F17: =+E17-D17 -> 55454.55 | G17: Энгийн | H17: =+E17 -> 61000 | I17: =+H17 -> 61000 | AB17: =SUM(I17:AA17) -> 61000 | AC17: =+AB17-H17 -> 0
A18: 2025-09-05 | B18: Сигначэрдизайнз | C18: 5538009 | D18: 3609.09 | E18: 39700 | F18: =+E18-D18 -> 36090.91 | G18: Энгийн | H18: =+E18 -> 39700 | I18: =+H18 -> 39700 | AB18: =SUM(I18:AA18) -> 39700 | AC18: =+AB18-H18 -> 0
A19: 2025-09-05 | B19: ЮНИТЕЛ | C19: 5036895 | D19: 11523.91 | E19: 126763 | F19: =+E19-D19 -> 115239.09 | G19: Энгийн | H19: =+E19 -> 126763 | I19: =+H19 -> 126763 | AB19: =SUM(I19:AA19) -> 126763 | AC19: =+AB19-H19 -> 0
A20: 2025-09-05 | B20: Нарлаг толгод | C20: 8420963 | D20: 818.18 | E20: 9000 | F20: =+E20-D20 -> 8181.82 | G20: Энгийн | H20: =+E20 -> 9000 | I20: =+H20 -> 9000 | AB20: =SUM(I20:AA20) -> 9000 | AC20: =+AB20-H20 -> 0
A21: 2025-09-04 | B21: Хоосдоктор | C21: 4266501 | D21: 5418.1818 | E21: 59600 | F21: =+E21-D21 -> 54181.818 | G21: Энгийн | H21: =+E21 -> 59600 | O21: =+H21 -> 59600 | AB21: =SUM(I21:AA21) -> 59600 | AC21: =+AB21-H21 -> 0
A22: 2025-09-03 | B22: Жэм хантер | C22: 7107201 | D22: 545.45 | E22: 6000 | F22: =+E22-D22 -> 5454.55 | G22: Энгийн | H22: =+E22 -> 6000 | O22: =+H22 -> 6000 | AB22: =SUM(I22:AA22) -> 6000 | AC22: =+AB22-H22 -> 0
A23: 2025-09-03 | B23: Өсөх идэр ирээдүй | C23: 6548644 | D23: 8900 | E23: 97900 | F23: =+E23-D23 -> 89000 | G23: Энгийн | H23: =+E23 -> 97900 | O23: =+H23 -> 97900 | AB23: =SUM(I23:AA23) -> 97900 | AC23: =+AB23-H23 -> 0
A24: 2025-09-03 | B24: ЦГН | C24: 5393469 | D24: 1818.1818 | E24: 20000 | F24: =+E24-D24 -> 18181.818 | G24: Энгийн | H24: =+E24 -> 20000 | O24: =+H24 -> 20000 | AB24: =SUM(I24:AA24) -> 20000 | AC24: =+AB24-H24 -> 0
A25: 2025-09-03 | B25: Синчи-Ойл | C25: 2588617 | D25: 12187.91 | E25: 134067 | F25: =+E25-D25 -> 121879.09 | G25: Энгийн | H25: =+E25 -> 134067 | P25: =+H25 -> 134067 | AB25: =SUM(I25:AA25) -> 134067 | AC25: =+AB25-H25 -> 0
A26: 2025-09-03 | B26: Алтан их бүс | C26: 5922321 | D26: 20363.64 | E26: 224000 | F26: =+E26-D26 -> 203636.36 | G26: Энгийн | H26: =+E26 -> 224000 | O26: =+H26 -> 224000 | AB26: =SUM(I26:AA26) -> 224000 | AC26: =+AB26-H26 -> 0
A27: 2025-09-03 | B27: Алтан их бүс | C27: 5922321 | D27: 22727.27 | E27: 250000 | F27: =+E27-D27 -> 227272.73 | G27: Энгийн | H27: =+E27 -> 250000 | O27: =+H27 -> 250000 | AB27: =SUM(I27:AA27) -> 250000 | AC27: =+AB27-H27 -> 0
A28: 2025-09-03 | B28: Ньюбулл | C28: 2679396 | D28: 20323.214 | E28: 227620 | F28: =+E28-D28 -> 207296.79 | G28: Энгийн | H28: =+E28 -> 227620 | I28: =+H28 -> 227620 | AB28: =SUM(I28:AA28) -> 227620 | AC28: =+AB28-H28 -> 0
A29: 2025-09-03 | B29: Синчи-Ойл | C29: 2588617 | D29: 7636.36 | E29: 84000 | F29: =+E29-D29 -> 76363.64 | G29: Энгийн | H29: =+E29 -> 84000 | P29: =+H29 -> 84000 | AB29: =SUM(I29:AA29) -> 84000 | AC29: =+AB29-H29 -> 0
A30: 2025-09-03 | B30: Чиглэл | C30: 2113104 | D30: 1445.45 | E30: 15900 | F30: =+E30-D30 -> 14454.55 | G30: Энгийн | H30: =+E30 -> 15900 | I30: =+H30 -> 15900 | AB30: =SUM(I30:AA30) -> 15900 | AC30: =+AB30-H30 -> 0
A31: 2025-09-03 | B31: Зөв-Өнгө | C31: 5565324 | D31: 14462.73 | E31: 159090 | F31: =+E31-D31 -> 144627.27 | G31: Энгийн | H31: =+E31 -> 159090 | J31: =+H31 -> 159090 | AB31: =SUM(I31:AA31) -> 159090 | AC31: =+AB31-H31 -> 0
A32: 2025-09-02 | B32: Очир ундраа ОМЗ ББСБ | C32: 2734745 | D32: 0 | E32: 1603685.2 | F32: =+E32-D32 -> 1603685.2 | G32: Чөлөөлөгдөх | H32: =+E32 -> 1603685.2 | J32: =+H32 -> 1603685.2 | AB32: =SUM(I32:AA32) -> 1603685.2 | AC32: =+AB32-H32 -> 0
A33: 2025-09-01 | B33: Нью улаанбаатар интернэйшнл эйрпорт | C33: 3874095 | D33: 409.09 | E33: 4500 | F33: =+E33-D33 -> 4090.91 | G33: Энгийн | H33: =+E33 -> 4500 | I33: =+H33 -> 4500 | AB33: =SUM(I33:AA33) -> 4500 | AC33: =+AB33-H33 -> 0
F34: =+E34-D34 -> 0 | G34: Чөлөөлөгдөх | H34: =+F34 -> 0 | AB34: =SUM(I34:AA34) -> 0 | AC34: =+AB34-H34 -> 0
F35: =+E35-D35 -> 0 | G35: Чөлөөлөгдөх | H35: =+F35 -> 0 | AB35: =SUM(I35:AA35) -> 0 | AC35: =+AB35-H35 -> 0
F36: =+E36-D36 -> 0 | G36: Энгийн | H36: =+F36 -> 0 | AB36: =SUM(I36:AA36) -> 0 | AC36: =+AB36-H36 -> 0
F37: =+E37-D37 -> 0 | G37: Энгийн | H37: =+F37 -> 0 | AB37: =SUM(I37:AA37) -> 0 | AC37: =+AB37-H37 -> 0
F38: =+E38-D38 -> 0 | G38: Энгийн | H38: =+F38 -> 0 | AB38: =SUM(I38:AA38) -> 0 | AC38: =+AB38-H38 -> 0
F39: =+E39-D39 -> 0 | G39: Чөлөөлөгдөх | H39: =+F39 -> 0 | AB39: =SUM(I39:AA39) -> 0 | AC39: =+AB39-H39 -> 0
F40: =+E40-D40 -> 0 | G40: Энгийн | H40: =+F40 -> 0 | AB40: =SUM(I40:AA40) -> 0 | AC40: =+AB40-H40 -> 0
F41: =+E41-D41 -> 0 | G41: Энгийн | H41: =+F41 -> 0 | AB41: =SUM(I41:AA41) -> 0 | AC41: =+AB41-H41 -> 0
F42: =+E42-D42 -> 0 | G42: Энгийн | H42: =+F42 -> 0 | AB42: =SUM(I42:AA42) -> 0 | AC42: =+AB42-H42 -> 0
F43: =+E43-D43 -> 0 | G43: Энгийн | H43: =+F43 -> 0 | AB43: =SUM(I43:AA43) -> 0 | AC43: =+AB43-H43 -> 0
F44: =+E44-D44 -> 0 | G44: Энгийн | H44: =+F44 -> 0 | AB44: =SUM(I44:AA44) -> 0 | AC44: =+AB44-H44 -> 0
F45: =+E45-D45 -> 0 | G45: Энгийн | H45: =+F45 -> 0 | AB45: =SUM(I45:AA45) -> 0 | AC45: =+AB45-H45 -> 0
... F132: =+E132-D132 -> 0 | G132: Энгийн | H132: =+F132 -> 0 | AB132: =SUM(I132:AA132) -> 0 | AC132: =+AB132-H132 -> 0
F133: =+E133-D133 -> 0 | H133: =+F133 -> 0 | AB133: =SUM(I133:AA133) -> 0 | AC133: =+AB133-H133 -> 0
F134: =+E134-D134 -> 0 | H134: =+F134 -> 0 | AB134: =SUM(I134:AA134) -> 0 | AC134: =+AB134-H134 -> 0

Sheet 10
A3: Сар | B3: Харилцагчийн нэр | C3: Харилцагчийн ТТД | D3: НӨАТ | E3: Цэвэр дүн | F3: Нийт дүн | G3: Татварын төрөл | H3: Нийт Зардал | I3: Оффис хангамж | J3: Зээл | K3: Хүнс / кэмп | L3: ХАБ | M3: Хангамж | N3: Засварт | O3: Сэлбэг | P3: Түлш | Q3: Тос тосолгоо | R3: Цалин | S3: НӨӨЦ ашигласны төлбөр | T3: торгууль | U3: Лиценз | V3: Нийгмийн Хариуцлага | W3: Нөхөн сэргэлтийн төлбөр | X3: хогны төлбөр | Y3: газрын төлбөр | Z3: Суутган | AA3: НДШ | AB3: нийт зардал | AC3: Зардлын зөрүү
D4: =SUM(D6:D161) -> 91047.23 | E4: =SUM(E6:E161) -> 9239227.3 | F4: =SUM(F6:F161) -> 9330274.6 | G4: =SUM(G6:G161) -> 0 | H4: =+F4 -> 9330274.6 | I4: =SUM(I6:I161) -> 60109.09 | J4: =SUM(J6:J161) -> 1466235.6 | K4: =SUM(K6:K161) -> 646934.57 | L4: =SUM(L6:L161) -> 0 | M4: =SUM(M6:M161) -> 249900 | N4: =SUM(N6:N161) -> 0 | O4: =SUM(O6:O161) -> 563272.73 | P4: =SUM(P6:P161) -> 257636.38 | ... AA4: =SUM(AA6:AA161) -> 0 | AB4: =SUM(I4:AA4) -> 9239227.3 | AC4: =SUM(AC6:AC161) -> 0
F5: 1 | I5: =+I4/$H$4 -> 0.006442371 | J5: =+J4/$H$4 -> 0.15714817 | K5: =+K4/$H$4 -> 0.069337142 | L5: =+L4/$H$4 -> 0 | M5: =+M4/$H$4 -> 0.026783778 | N5: =+N4/$H$4 -> 0 | O5: =+O4/$H$4 -> 0.060370435 | P5: =+P4/$H$4 -> 0.027612947 | ... AC5: =+AC4/$H$4 -> 0
A6: 2025-10-01 | B6: Бест стандарт сервис | C6: 5718694 | D6: 9000 | E6: =+F6-D6 -> 90000 | F6: 99000 | G6: ПОС | H6: даринчулуун | O6: =+E6 -> 90000 | AB6: =SUM(I6:AA6) -> 90000 | AC6: =+AB6-E6 -> 0
A7: 2025-10-01 | B7: Капитронбанк | C7: 2677377 | D7: 0 | E7: =+F7-D7 -> 2000 | F7: 2000 | G7: ПОС | I7: =+F7 -> 2000 | AB7: =SUM(I7:AA7) -> 2000 | AC7: =+AB7-E7 -> 0
A8: 2025-10-02 | B8: ХААН банк | C8: 2693321 | D8: 0 | E8: =+F8-D8 -> 100 | F8: 100 | G8: ПОС | I8: =+F8 -> 100 | AB8: =SUM(I8:AA8) -> 100 | AC8: =+AB8-E8 -> 0
A9: 2025-10-04 | B9: БАТСУУРЬ АРИУНБОЛД | C9: НХ77101111 | D9: 0 | E9: =+F9-D9 -> 2506839 | F9: 2506839 | G9: ИБАРИМТ | R9: =+F9 -> 2506839 | AB9: =SUM(I9:AA9) -> 2506839 | AC9: =+AB9-E9 -> 0
A10: 2025-10-04 | B10: ХОЛООХ БАТНЯМ | C10: НХ73010218 | D10: 0 | E10: =+F10-D10 -> 3200000 | F10: 3200000 | G10: ИБАРИМТ | R10: =+E10 -> 3200000 | AB10: =SUM(I10:AA10) -> 3200000 | AC10: =+AB10-E10 -> 0
A11: 2025-10-04 | B11: Даян майнинг машинэри | C11: 6913806 | D11: 15000 | E11: =+F11-D11 -> 150000 | F11: 165000 | G11: ИБАРИМТ | H11: даринчулуун | O11: =+E11 -> 150000 | AB11: =SUM(I11:AA11) -> 150000 | AC11: =+AB11-E11 -> 0
A12: 2025-10-05 | B12: Синчи-Ойл | C12: 2588617 | D12: 12127.27 | E12: =+F12-D12 -> 121272.73 | F12: 133400 | G12: ПОС | H12: энхбаяр | P12: =+E12 -> 121272.73 | AB12: =SUM(I12:AA12) -> 121272.73 | AC12: =+AB12-E12 -> 0
A13: 2025-10-05 | B13: Содмонгол групп | C13: 2577739 | D13: 4545.45 | E13: =+F13-D13 -> 45454.55 | F13: 50000 | G13: ПОС | H13: доржханд | P13: =+E13 -> 45454.55 | AB13: =SUM(I13:AA13) -> 45454.55 | AC13: =+AB13-E13 -> 0
A14: 2025-10-06 | B14: ДОРЖСҮРЭН СУВД | C14: ЙЮ70120362 | D14: 0 | E14: =+F14-D14 -> 50000 | F14: 50000 | G14: ИБАРИМТ | H14: доржханд | I14: =+F14 -> 50000 | AB14: =SUM(I14:AA14) -> 50000 | AC14: =+AB14-E14 -> 0
A15: 2025-10-06 | B15: Очир ундраа ОМЗ ББСБ | C15: 2734745 | D15: 0 | E15: =+F15-D15 -> 1466235.6 | F15: 1466235.6 | G15: ПОС | J15: =+F15 -> 1466235.6 | AB15: =SUM(I15:AA15) -> 1466235.6 | AC15: =+AB15-E15 -> 0
A16: 2025-10-07 | B16: Зуунмод гол | C16: 2054302 | D16: 13690.91 | E16: =+F16-D16 -> 136909.09 | F16: 150600 | G16: ПОС | O16: =+E16 -> 136909.09 | AB16: =SUM(I16:AA16) -> 136909.09 | AC16: =+AB16-E16 -> 0
A17: 2025-10-07 | B17: Нарлаг толгод | C17: 8420963 | D17: 5501.79 | E17: =+F17-D17 -> 55098.21 | F17: 60600 | G17: ПОС | K17: =+E17 -> 55098.21 | AB17: =SUM(I17:AA17) -> 55098.21 | AC17: =+AB17-E17 -> 0
A18: 2025-10-08 | B18: Нарлаг толгод | C18: 8420963 | D18: 790.91 | E18: =+F18-D18 -> 7909.09 | F18: 8700 | G18: ПОС | H18: эрдэнэсүх | I18: =+E18 -> 7909.09 | AB18: =SUM(I18:AA18) -> 7909.09 | AC18: =+AB18-E18 -> 0
A19: 2025-10-08 | B19: Нарлаг толгод | C19: 8420963 | D19: 2663.64 | E19: =+F19-D19 -> 26636.36 | F19: 29300 | G19: ПОС | K19: =+E19 -> 26636.36 | AB19: =SUM(I19:AA19) -> 26636.36 | AC19: =+AB19-E19 -> 0
A20: 2025-10-08 | B20: Балхур | C20: 6608329 | D20: 15000 | E20: =+F20-D20 -> 150000 | F20: 165000 | G20: ИБАРИМТ | H20: даринчулуун | O20: =+E20 -> 150000 | AB20: =SUM(I20:AA20) -> 150000 | AC20: =+AB20-E20 -> 0
A21: 2025-10-09 | B21: Петростар | C21: 5241901 | D21: 4545.45 | E21: =+F21-D21 -> 45454.55 | F21: 50000 | G21: ПОС | H21: даринчулуун | P21: =+E21 -> 45454.55 | AB21: =SUM(I21:AA21) -> 45454.55 | AC21: =+AB21-E21 -> 0
A22: 2025-10-09 | B22: Петростар | C22: 5241901 | D22: 4545.45 | E22: =+F22-D22 -> 45454.55 | F22: 50000 | G22: ПОС | P22: =+E22 -> 45454.55 | AB22: =SUM(I22:AA22) -> 45454.55 | AC22: =+AB22-E22 -> 0
A23: 2025-10-11 | B23: Иххайрхан мандал | C23: 2639866 | D23: 0 | E23: =+F23-D23 -> 288300 | F23: 288300 | G23: ИБАРИМТ | R23: =+E23 -> 288300 | AB23: =SUM(I23:AA23) -> 288300 | AC23: =+AB23-E23 -> 0
A24: 2025-10-13 | B24: Синчи-Ойл | C24: 2588617 | D24: 3636.36 | E24: =+F24-D24 -> 36363.64 | F24: 40000 | G24: ПОС | H24: доржханд | O24: =+E24 -> 36363.64 | AB24: =SUM(I24:AA24) -> 36363.64 | AC24: =+AB24-E24 -> 0
A25: 2025-10-13 | B25: ШИЖИРБААТАР ЛХАГВАСҮРЭН | C25: НО94102609 | D25: 0 | E25: =+F25-D25 -> 565200 | F25: 565200 | G25: ИБАРИМТ | H25: доржханд | K25: =+E25 -> 565200 | AB25: =SUM(I25:AA25) -> 565200 | AC25: =+AB25-E25 -> 0
A26: 2025-10-13 | B26: ТОГТООЛ ЦЭВЭЛЛХАСҮРЭН | C26: НН75050868 | D26: 0 | E26: =+F26-D26 -> 150900 | F26: 150900 | G26: ИБАРИМТ | H26: доржханд | M26: =+E26 -> 150900 | AB26: =SUM(I26:AA26) -> 150900 | AC26: =+AB26-E26 -> 0
A27: 2025-10-13 | B27: ХААН банк | C27: 2693321 | D27: 0 | E27: =+F27-D27 -> 100 | F27: 100 | G27: ПОС | I27: =+E27 -> 100 | AB27: =SUM(I27:AA27) -> 100 | AC27: =+AB27-E27 -> 0
A28: 2025-10-14 | B28: Синчи газ | C28: 2638126 | D28: 0 | E28: =+F28-D28 -> 99000 | F28: 99000 | G28: ПОС | H28: даринчулуун | M28: =+E28 -> 99000 | AB28: =SUM(I28:AA28) -> 99000 | AC28: =+AB28-E28 -> 0
AB29: =SUM(I29:AA29) -> 0 | AC29: =+AB29-E29 -> 0
AB30: =SUM(I30:AA30) -> 0 | AC30: =+AB30-E30 -> 0
AB31: =SUM(I31:AA31) -> 0 | AC31: =+AB31-E31 -> 0
AB32: =SUM(I32:AA32) -> 0 | AC32: =+AB32-E32 -> 0
AB33: =SUM(I33:AA33) -> 0 | AC33: =+AB33-E33 -> 0

Sheet 11

Sheet 12

Sheet Sheet10
B1: Сар | C1: Харилцагчийн нэр | D1: Харилцагчийн ТТД | E1: НӨАТ | F1: Цэвэр дүн | G1: Нийт дүн | H1: Татварын төрөл | I1: Нийт Зардал | J1: Оффис хангамж | K1: Зээл | L1: Хүнс / кэмп | M1: ХАБ | N1: Хангамж | O1: Засварт | P1: Сэлбэг | Q1: Түлш | R1: Тос тосолгоо | S1: Цалин | T1: НӨӨЦ ашигласны төлбөр | U1: торгууль | V1: Лиценз | W1: Нийгмийн Хариуцлага | X1: Нөхөн сэргэлтийн төлбөр | Y1: хогны төлбөр | Z1: газрын төлбөр | AA1: Суутган | AB1: НДШ | AC1: нийт зардал | AD1: Зардлын зөрүү
A2: нөат | B2: 2025-07-31 | C2: Худалдаа хөгжлийн банк | D2: 2635534 | E2: 0 | F2: 1000 | G2: 1000 | H2: Чөлөөлөгдөх | I2: 1000 | J2: 1000 | AC2: 1000 | AD2: 0
A3: нөат | B3: 2025-07-31 | C3: ДЭМБЭРЭЛСҮРЭН ЭРДЭНЭЦЭЦЭГ | D3: НЭ70032367 | E3: 0 | F3: 1000 | G3: 1000 | H3: Энгийн | I3: 1000 | J3: 1000 | AC3: 1000 | AD3: 0
A4: нөат | B4: 2025-07-31 | C4: ХААН банк | D4: 2693321 | E4: 0 | F4: 2000 | G4: 2000 | H4: Чөлөөлөгдөх | I4: 2000 | J4: 2000 | AC4: 2000 | AD4: 0
A5: нөат | B5: 2025-07-01 | C5: Капитронбанк | D5: 2677377 | E5: 0 | F5: 2000 | G5: 2000 | H5: Чөлөөлөгдөх | I5: 2000 | J5: 2000 | AC5: 2000 | AD5: 0
A6: нөат | B6: 2025-07-05 | C6: Ганболд ЦЭЛМЭГ | D6: УП04310154 | E6: 537.09 | F6: 5908 | G6: 5370.91 | H6: Энгийн | I6: 5908 | AC6: 0 | AD6: -5370.91
A7: нөат | B7: 2025-07-08 | C7: Малтзсэлес | D7: 5205093 | E7: 636.36364 | F7: 7000 | G7: 6363.6364 | H7: Энгийн | I7: 7000 | AC7: 0 | AD7: -6363.6364
A8: нөат | B8: 2025-07-21 | C8: Нарлаг толгод | D8: 8420963 | E8: 890.91 | F8: 9800 | G8: 8909.09 | H8: Энгийн | I8: 9800 | AC8: 0 | AD8: -8909.09
C9: 2025-07-29T16:19:23 | D9: OBUDNII HOSHUU,ХАНГАЙН ТҮШИГ РӨҮД,ХААН Т | E9: ХАНГАЙН ТҮШИГ РӨҮД | F9: MN040005005057718644 | G9: 1 | I9: 11000 | N9: 11000
A10: нөат | B10: 2025-07-30 | C10: Хангайн түшиг рөүд | D10: 6577482 | E10: 1000 | F10: 11000 | G10: 10000 | H10: Энгийн | I10: 11000 | P10: 11000 | AC10: 11000 | AD10: 1000
C11: 2025-07-26T13:21:42 | D11: AJLIIN BEELII,ГОМБО ДЭЛГЭРМАА,ХААН ТӨВ Б | E11: ГОМБО ДЭЛГЭРМАА | F11: MN080005005074071026 | G11: 1 | I11: 12000 | N11: 12000
A12: нөат | B12: 2025-07-04 | C12: Нарлаг толгод | D12: 8420963 | E12: 1263.64 | F12: 13900 | G12: 12636.36 | H12: Энгийн | I12: 13900 | AC12: 0 | AD12: -12636.36
A13: нөат | B13: 2025-07-08 | C13: Мобиком корпораци | D13: 2072572 | E13: 1272.73 | F13: 14000 | G13: 12727.27 | H13: Энгийн | I13: 14000 | J13: 12727.27 | AC13: 12727.27 | AD13: 0
A14: нөат | B14: 2025-07-08 | C14: ЮНИТЕЛ | D14: 5036895 | E14: 1363.64 | F14: 15000 | G14: 13636.36 | H14: Энгийн | I14: 15000 | J14: 13636.36 | AC14: 13636.36 | AD14: 0
A15: нөат | B15: 2025-07-08 | C15: Петростар | D15: 5241901 | E15: 1363.64 | F15: 15000 | G15: 13636.36 | H15: Энгийн | I15: 15000 | J15: 13636.36 | AC15: 13636.36 | AD15: 0
A16: нөат | B16: 2025-07-31 | C16: Эрхэмхангай | D16: 5430836 | E16: 1418.18 | F16: 15600 | G16: 14181.82 | H16: Энгийн | I16: 15600 | L16: 14181.82 | AC16: 14181.82 | AD16: 0
A17: нөат | B17: 2025-07-31 | C17: Буман боолт трейд | D17: 6397085 | E17: 1700 | F17: 18700 | G17: 17000 | H17: Энгийн | I17: 18700 | O17: 18700 | AC17: 18700 | AD17: 1700
A18: нөат | B18: 2025-07-05 | C18: ЧУЛУУНХҮҮ ДОЛЖИНСҮРЭН | D18: ЧС60090569 | E18: 0 | F18: 19500 | G18: 19500 | H18: Энгийн | I18: 19500 | AC18: 0 | AD18: -19500
A19: нөат | B19: 2025-07-08 | C19: Петростар | D19: 5241901 | E19: 1818.18 | F19: 20000 | G19: 18181.82 | H19: Энгийн | I19: 20000 | J19: 18181.82 | AC19: 18181.82 | AD19: 0
C20: 2025-07-31T18:39:51 | D20: TOS BARIGCH,БАЛХУР,ХААН ТӨВ БАНК | E20: БАЛХУР | F20: MN530005005087413342 | G20: 1 | I20: 22000 | N20: 22000
A21: нөат | B21: 2025-07-31 | C21: Балхур | D21: 6608329 | E21: 2000 | F21: 22000 | G21: 20000 | H21: Энгийн | I21: 22000 | M21: 20000 | AC21: 20000 | AD21: 0
A22: нөат | B22: 2025-07-31 | C22: Өсөх идэр ирээдүй | D22: 6548644 | E22: 2000 | F22: 22000 | G22: 20000 | H22: Энгийн | I22: 22000 | P22: 20000 | AC22: 20000 | AD22: 0
C23: 2025-07-21T13:24:34 | D23: UNDAA,ДТУБ СҮМБЭРЭЛ ХХК,ХУД ХӨГЖ ТӨВ БАН | E23: ДТУБ СҮМБЭРЭЛ ХХК | F23: MN220004000451064598 | G23: 1 | I23: 22200 | J23: 22200
A24: нөат | B24: 2025-07-21 | C24: ДТУБ сүмбэрэл | D24: 6717268 | E24: 2018.18 | F24: 22200 | G24: 20181.82 | H24: Энгийн | I24: 22200 | AC24: 0 | AD24: -20181.82
C25: 2025-07-25T18:57:44 | D25: HALUUN US 4,НУРМАА ЭРДЭНЭСҮХ,ХААН ТӨВ БА | E25: НУРМАА ЭРДЭНЭСҮХ | F25: MN170005005026304378 | G25: 1 | I25: 24000 | W25: 24000
A26: нөат | B26: 2025-07-08 | C26: Мобиком корпораци | D26: 2072572 | E26: 2263.64 | F26: 24900 | G26: 22636.36 | H26: Энгийн | I26: 24900 | J26: 22636.36 | AC26: 22636.36 | AD26: 0
A27: нөат | B27: 2025-07-31 | C27: ЮНИТЕЛ | D27: 5036895 | E27: 2272.73 | F27: 25000 | G27: 22727.27 | H27: Энгийн | I27: 25000 | J27: 22727.27 | AC27: 22727.27 | AD27: 0
A28: нөат | B28: 2025-07-31 | C28: ЮНИТЕЛ | D28: 5036895 | E28: 2272.73 | F28: 25000 | G28: 22727.27 | H28: Энгийн | I28: 25000 | J28: 22727.27 | AC28: 22727.27 | AD28: 0
C29: 2025-07-27T13:09:54 | D29: ARCHIH MATERIAL,БАТБОЛД ТУЯАЦЭЦЭГ,ХААН Т | E29: БАТБОЛД ТУЯАЦЭЦЭГ | F29: MN210005005029430810 | G29: 1 | I29: 30000 | N29: 30000
A30: нөат | B30: 2025-07-03 | C30: Содмонгол групп | D30: 2577739 | E30: 2727.27 | F30: 30000 | G30: 27272.73 | H30: Энгийн | I30: 30000 | J30: 27272.73 | AC30: 27272.73 | AD30: 0
A31: нөат | B31: 2025-07-01 | C31: Синчи-Ойл | D31: 2588617 | E31: 2727.27 | F31: 30000 | G31: 27272.73 | H31: Энгийн | I31: 30000 | J31: 27272.73 | AC31: 27272.73 | AD31: 0
A32: нөат | B32: 2025-07-01 | C32: Синчи-Ойл | D32: 2588617 | E32: 2727.27 | F32: 30000 | G32: 27272.73 | H32: Энгийн | I32: 30000 | J32: 27272.73 | AC32: 27272.73 | AD32: 0
A33: нөат | B33: 2025-07-01 | C33: Алтан их бүс | D33: 5922321 | E33: 2727.27 | F33: 30000 | G33: 27272.73 | H33: Энгийн | I33: 30000 | AC33: 0 | AD33: -27272.73
A34: нөат | B34: 2025-07-10 | C34: Дэ булл хот пот | D34: 7045057 | E34: 3348.2143 | F34: 37500 | G34: 34151.786 | H34: Энгийн | I34: 37500 | AC34: 0 | AD34: -34151.786
A35: нөат | B35: 2025-07-05 | C35: ГОМБО ДЭЛГЭРМАА | D35: ШЕ70110962 | E35: 0 | F35: 38000 | G35: 38000 | H35: Энгийн | I35: 38000 | AC35: 0 | AD35: -38000
C36: 2025-07-08T12:55:58 | D36: INTERNET,ЭНХБАЯР БЯМБАХОРОЛ,ТӨРИЙН БАНК | E36: ЭНХБАЯР БЯМБАХОРОЛ | F36: MN050034360000378300 | G36: 1 | I36: 40000 | Y36: 40000
A37: нөат | B37: 2025-07-05 | C37: ЛХАМСҮРЭН ОТГОНБАЯР | D37: АЯ94060507 | E37: 3746.82 | F37: 41215 | G37: 37468.18 | H37: Энгийн | I37: 41215 | AC37: 0 | AD37: -37468.18
A38: нөат | B38: 2025-07-08 | C38: Мобиком корпораци | D38: 2072572 | E38: 4072.73 | F38: 44800.01 | G38: 40727.28 | H38: Энгийн | I38: 44800.01 | J38: 40727.28 | AC38: 40727.28 | AD38: 0
A39: нөат | B39: 2025-07-03 | C39: ГОМБО ДЭЛГЭРМАА | D39: ШЕ70110962 | E39: 0 | F39: 47000 | G39: 47000 | H39: Энгийн | I39: 47000 | AC39: 0 | AD39: -47000
A40: нөат | B40: 2025-07-15 | C40: ДИСДАА ЭНХТӨР | D40: ТК87042312 | E40: 4312.91 | F40: 47442 | G40: 43129.09 | H40: Энгийн | I40: 47442 | AC40: 0 | AD40: -43129.09
A41: нөат | B41: 2025-07-10 | C41: Дашваанжил групп | D41: 2025191 | E41: 0 | F41: 48250 | G41: 48250 | H41: Чөлөөлөгдөх | I41: 48250 | AC41: 0 | AD41: -48250
C42: 2025-07-29T13:07:35 | D42: GAZ PP,СИНЧИ-ОЙЛ,ХААН ТӨВ БАНК | E42: СИНЧИ-ОЙЛ | F42: MN960005005038097865 | G42: 1 | I42: 49500 | N42: 49500
A43: нөат | B43: 2025-07-29 | C43: Синчи газ | D43: 2638126 | E43: 0 | F43: 49500 | G43: 49500 | H43: Чөлөөлөгдөх | I43: 49500 | N43: 49500 | AC43: 49500 | AD43: 0
A44: нөат | B44: 2025-07-29 | C44: Синчи газ | D44: 2638126 | E44: 0 | F44: 49500 | G44: 49500 | H44: Чөлөөлөгдөх | I44: 49500 | N44: 49500 | AC44: 49500 | AD44: 0
A45: нөат | B45: 2025-07-21 | C45: Вираго куалити | D45: 6687857 | E45: 4545.46 | F45: 50000 | G45: 45454.54 | H45: Энгийн | I45: 50000 | AC45: 0 | AD45: -45454.54
A46: нөат | B46: 2025-07-14 | C46: Синчи-Ойл | D46: 2588617 | E46: 4545.45 | F46: 50000 | G46: 45454.55 | H46: Энгийн | I46: 50000 | J46: 45454.55 | AC46: 45454.55 | AD46: 0
A47: нөат | B47: 2025-07-12 | C47: Ойнбирж | D47: 2026945 | E47: 4545.45 | F47: 50000 | G47: 45454.55 | H47: Энгийн | I47: 50000 | J47: 45454.55 | AC47: 45454.55 | AD47: 0
A48: нөат | B48: 2025-07-08 | C48: Петростар | D48: 5241901 | E48: 4545.45 | F48: 50000 | G48: 45454.55 | H48: Энгийн | I48: 50000 | J48: 45454.55 | AC48: 45454.55 | AD48: 0
A49: нөат | B49: 2025-07-07 | C49: Улсын нэгдүгээр төв эмнэлэг | D49: 9077138 | E49: 0 | F49: 50000 | G49: 50000 | H49: Чөлөөлөгдөх | I49: 50000 | M49: 50000 | AC49: 50000 | AD49: 0
A50: нөат | B50: 2025-07-07 | C50: Синчи-Ойл | D50: 2588617 | E50: 4545.45 | F50: 50000 | G50: 45454.55 | H50: Энгийн | I50: 50000 | J50: 45454.55 | AC50: 45454.55 | AD50: 0
A51: нөат | B51: 2025-07-02 | C51: Синчи-Ойл | D51: 2588617 | E51: 4545.45 | F51: 50000 | G51: 45454.55 | H51: Энгийн | I51: 50000 | J51: 45454.55 | AC51: 45454.55 | AD51: 0
A52: нөат | B52: 2025-07-30 | C52: Нарлаг толгод | D52: 8420963 | E52: 4819.97 | F52: 53100 | G52: 48280.03 | H52: Энгийн | I52: 53100 | AC52: 0 | AD52: -48280.03
A53: нөат | B53: 2025-07-08 | C53: Мобиком корпораци | D53: 2072572 | E53: 4981.82 | F53: 54799.99 | G53: 49818.17 | H53: Энгийн | I53: 54799.99 | J53: 49818.17 | AC53: 49818.17 | AD53: 0
A54: нөат | B54: 2025-07-05 | C54: Дашваанжил групп | D54: 2025191 | E54: 0 | F54: 57900 | G54: 57900 | H54: Чөлөөлөгдөх | I54: 57900 | AC54: 0 | AD54: -57900
C55: 2025-07-26T15:19:55 | D55: SHATAHUUN,АЛТАНГЭРЭЛ БУДЖАВ,ХААН ТӨВ БАН | E55: АЛТАНГЭРЭЛ БУДЖАВ | F55: MN670005005219481500 | G55: 1 | I55: 60000 | Q55: 60000
A56: нөат | B56: 2025-07-26 | C56: Синчи-Ойл | D56: 2588617 | E56: 5454.55 | F56: 60000 | G56: 54545.45 | H56: Энгийн | I56: 60000 | J56: 54545.45 | AC56: 54545.45 | AD56: 0
A57: нөат | B57: 2025-07-18 | C57: Глобал-Ацетилен | D57: 5361184 | E57: 5500 | F57: 60500 | G57: 55000 | H57: Энгийн | I57: 60500 | AC57: 0 | AD57: -55000
A58: нөат | B58: 2025-07-08 | C58: Малтзсэлес | D58: 5205093 | E58: 5681.8182 | F58: 62500 | G58: 56818.182 | H58: Энгийн | I58: 62500 | AC58: 0 | AD58: -56818.182
A59: нөат | B59: 2025-07-31 | C59: Моннидер | D59: 2824795 | E59: 6102.73 | F59: 67130 | G59: 61027.27 | H59: Энгийн | I59: 67130 | L59: 67130 | AC59: 67130 | AD59: 6102.73
A60: нөат | B60: 2025-07-03 | C60: Алханатрейд | D60: 2595192 | E60: 6363.64 | F60: 70000 | G60: 63636.36 | H60: Энгийн | I60: 70000 | AC60: 0 | AD60: -63636.36
A61: нөат | B61: 2025-07-03 | C61: Өсөх идэр ирээдүй | D61: 6548644 | E61: 6500 | F61: 71500 | G61: 65000 | H61: Энгийн | I61: 71500 | P61: 65000 | AC61: 65000 | AD61: 0
C62: 2025-07-25T18:53:55 | D62: GEREE 50896537 | E62: МОБИКОМ КОРПОРАЦИ ХХК | F62: 1102018877 | G62: 1 | I62: 76486
C63: 2025-07-25T17:53:50 | D63: SHATAHUUN,ЭХТУУЛ БАТ-ИРЭЭДҮЙ,ХААН ТӨВ БА | E63: ЭХТУУЛ БАТ-ИРЭЭДҮЙ | F63: MN340005005059719408 | G63: 1 | I63: 76800 | Q63: 76800
A64: нөат | B64: 2025-07-25 | C64: Синчи-Ойл | D64: 2588617 | E64: 6981.82 | F64: 76800 | G64: 69818.18 | H64: Энгийн | I64: 76800 | J64: 69818.18 | AC64: 69818.18 | AD64: 0
C65: 2025-07-26T15:58:19 | D65: EK TOKARI,ЛХАГВА ДАЛАЙЖАРГАЛ,ХААН ТӨВ БА | E65: ЛХАГВА ДАЛАЙЖАРГАЛ | F65: MN570005005006213406 | G65: 1 | I65: 80000 | P65: 80000
A66: нөат | B66: 2025-07-16 | C66: Синчи газ | D66: 2638126 | E66: 0 | F66: 80000 | G66: 80000 | H66: Чөлөөлөгдөх | I66: 80000 | L66: 80000 | AC66: 80000 | AD66: 0
A67: нөат | B67: 2025-07-03 | C67: Нарлаг толгод | D67: 8420963 | E67: 7347.24 | F67: 80900 | G67: 73552.76 | H67: Энгийн | I67: 80900 | AC67: 0 | AD67: -73552.76
A68: нөат | B68: 2025-07-01 | C68: Шунхлайтрейдинг | D68: 5506239 | E68: 7386.73 | F68: 81254 | G68: 73867.27 | H68: Энгийн | I68: 81254 | J68: 73867.27 | AC68: 73867.27 | AD68: 0
A69: нөат | B69: 2025-07-05 | C69: Хулхан | D69: 2744783 | E69: 7681.82 | F69: 84500 | G69: 76818.18 | H69: Энгийн | I69: 84500 | AC69: 0 | AD69: -76818.18
A70: нөат | B70: 2025-07-15 | C70: Премиум нэксус | D70: 6155804 | E70: 7981.8182 | F70: 87800 | G70: 79818.182 | H70: Энгийн | I70: 87800 | AC70: 0 | AD70: -79818.182
C71: 2025-07-30T11:57:12 | D71: МДД ҮНИЙН ЗӨРҮҮ,СИНЧИ-ОЙЛ,ХААН ТӨВ БАНК | E71: СИНЧИ-ОЙЛ | F71: MN960005005038097865 | G71: 1 | I71: 90800 | Q71: 90800
A72: нөат | B72: 2025-07-08 | C72: Хулхан | D72: 2744783 | E72: 8509.09 | F72: 93600 | G72: 85090.91 | H72: Энгийн | I72: 93600 | AC72: 0 | AD72: -85090.91
A73: нөат | B73: 2025-07-09 | C73: Янгирхайрхан | D73: 2590905 | E73: 8675.1623 | F73: 95600 | G73: 86924.838 | H73: Энгийн | I73: 95600 | L73: 86924.838 | AC73: 86924.838 | AD73: 0
A74: нөат | B74: 2025-07-14 | C74: Синчи газ | D74: 2638126 | E74: 0 | F74: 99000 | G74: 99000 | H74: Чөлөөлөгдөх | I74: 99000 | J74: 99000 | AC74: 99000 | AD74: 0
C75: 2025-07-09T13:43:40 | D75: SINCHI,ЭНХБАЯР БЯМБАХОРОЛ,ТӨРИЙН БАНК | E75: ЭНХБАЯР БЯМБАХОРОЛ | F75: MN050034360000378300 | G75: 1 | I75: 100000
C76: 2025-07-14T12:30:58 | D76: LI,БЯМБАХОРОЛ ХОСБАЯР,ХААН ТӨВ БАНК | E76: БЯМБАХОРОЛ ХОСБАЯР | F76: MN420005005030348343 | G76: 1 | I76: 100000
C77: 2025-07-31T10:34:48 | D77: LAM,БЯМБАХОРОЛ ХОСБАЯР,ХААН ТӨВ БАНК | E77: БЯМБАХОРОЛ ХОСБАЯР | F77: MN420005005030348343 | G77: 1 | I77: 100000 | J77: 100000
A78: нөат | B78: 2025-07-23 | C78: Аргал ойл | D78: 6309011 | E78: 9090.91 | F78: 100000 | G78: 90909.09 | H78: Энгийн | I78: 100000 | J78: 90909.09 | AC78: 90909.09 | AD78: 0
A79: нөат | B79: 2025-07-21 | C79: НИК | D79: 2075261 | E79: 9090.91 | F79: 100000 | G79: 90909.09 | H79: Энгийн | I79: 100000 | J79: 90909.09 | AC79: 90909.09 | AD79: 0
A80: нөат | B80: 2025-07-18 | C80: Петростар | D80: 5241901 | E80: 9090.91 | F80: 100000 | G80: 90909.09 | H80: Энгийн | I80: 100000 | J80: 90909.09 | AC80: 90909.09 | AD80: 0
A81: нөат | B81: 2025-07-09 | C81: Синчи-Ойл | D81: 2588617 | E81: 9090.91 | F81: 100000 | G81: 90909.09 | H81: Энгийн | I81: 100000 | J81: 90909.09 | AC81: 90909.09 | AD81: 0
A82: нөат | B82: 2025-07-09 | C82: Синчи-Ойл | D82: 2588617 | E82: 9090.91 | F82: 100000 | G82: 90909.09 | H82: Энгийн | I82: 100000 | J82: 90909.09 | AC82: 90909.09 | AD82: 0
A83: нөат | B83: 2025-07-08 | C83: Хулхан | D83: 2744783 | E83: 9381.82 | F83: 103200 | G83: 93818.18 | H83: Энгийн | I83: 103200 | AC83: 0 | AD83: -93818.18
A84: нөат | B84: 2025-07-22 | C84: Эрхэмхангай | D84: 5430836 | E84: 9445.45 | F84: 103900 | G84: 94454.55 | H84: Энгийн | I84: 103900 | L84: 94454.55 | AC84: 94454.55 | AD84: 0
A85: нөат | B85: 2025-07-15 | C85: Номин хайпермаркет баруун бүс | D85: 7173713 | E85: 10309.91 | F85: 113409 | G85: 103099.09 | H85: Энгийн | I85: 113409 | J85: 103099.09 | AC85: 103099.09 | AD85: 0
C86: 2025-07-08T15:42:31 | D86: 5899508 4 ХҮН,ХХҮЕГАЗАР,Төрийн сан | E86: ХХҮЕГАЗАР | F86: MN830090100900017002 | G86: 1 | I86: 120000 | J86: 120000
A87: нөат | B87: 2025-07-22 | C87: Глобал-Ацетилен | D87: 5361184 | E87: 11200 | F87: 123200 | G87: 112000 | H87: Энгийн | I87: 123200 | AC87: 0 | AD87: -112000
A88: нөат | B88: 2025-07-03 | C88: Ньюбулл | D88: 2679396 | E88: 11232.143 | F88: 125800 | G88: 114567.86 | H88: Энгийн | I88: 125800 | J88: 114567.86 | AC88: 114567.86 | AD88: 0
A89: нөат | B89: 2025-07-11 | C89: Вираго куалити | D89: 6687857 | E89: 11527.27 | F89: 126800 | G89: 115272.73 | H89: Энгийн | I89: 126800 | AC89: 0 | AD89: -115272.73
C90: 2025-07-24T11:27:37 | D90: AA MAT,ТОГТООЛ ЦЭВЭЛЛХАСҮРЭН,ХААН ТӨВ БА | E90: ТОГТООЛ ЦЭВЭЛЛХАСҮРЭН | F90: MN350005005029185051 | G90: 1 | I90: 134100 | N90: 134100
C91: 2025-07-31T11:19:06 | D91: MAH,МЯГМАРСҮРЭН АМАРЖАРГАЛ,ХААН ТӨВ БАНК | E91: МЯГМАРСҮРЭН АМАРЖАРГАЛ | F91: MN290005005248032194 | G91: 1 | I91: 144700 | L91: 144700
A92: нөат | B92: 2025-07-25 | C92: Хурд ирээдүйн шинэ хүч | D92: 8369887 | E92: 13473.21 | F92: 150900 | G92: 137426.79 | H92: Энгийн | I92: 150900 | AC92: 0 | AD92: -137426.79
A93: нөат | B93: 2025-07-06 | C93: Ти Эм ойл | D93: 6099866 | E93: 13728.18 | F93: 151010 | G93: 137281.82 | H93: Энгийн | I93: 151010 | J93: 137281.82 | AC93: 137281.82 | AD93: 0
A94: нөат | B94: 2025-07-23 | C94: Инвескор ББСБ | D94: 6060854 | E94: 0 | F94: 154899.83 | G94: 154899.83 | H94: Чөлөөлөгдөх | I94: 154899.83 | K94: 154899.83 | AC94: 154899.83 | AD94: 0
A95: нөат | B95: 2025-07-25 | C95: Шунхлайтрейдинг | D95: 5506239 | E95: 14121.91 | F95: 155341 | G95: 141219.09 | H95: Энгийн | I95: 155341 | J95: 141219.09 | AC95: 141219.09 | AD95: 0
A96: нөат | B96: 2025-07-05 | C96: Монсуль | D96: 2794241 | E96: 14295.45 | F96: 157250 | G96: 142954.55 | H96: Энгийн | I96: 157250 | J96: 142954.55 | AC96: 142954.55 | AD96: 0
A97: нөат | B97: 2025-07-17 | C97: Петростар | D97: 5241901 | E97: 14463.64 | F97: 159100 | G97: 144636.36 | H97: Энгийн | I97: 159100 | J97: 144636.36 | AC97: 144636.36 | AD97: 0
A98: нөат | B98: 2025-07-16 | C98: ДОРЖ ДАМДИННАВАГ | D98: ПЮ69042116 | E98: 0 | F98: 160000 | G98: 160000 | H98: Энгийн | I98: 160000 | AC98: 0 | AD98: -160000
C99: 2025-07-24T10:52:50 | D99: SELBEG,АЛТАН ИХ БҮС,ХААН ТӨВ БАНК | E99: АЛТАН ИХ БҮС | F99: MN960005005087219538 | G99: 1 | I99: 165000
A100: нөат | B100: 2025-07-24 | C100: Алтан их бүс | D100: 5922321 | E100: 15000 | F100: 165000 | G100: 150000 | H100: Энгийн | I100: 165000 | AC100: 0 | AD100: -150000
...

Sheet Sheet3
A5: 2025-07-01 | B5: Капитронбанк | C5: 2677377 | D5: 0 | E5: 2000 | F5: 2000 | G5: Чөлөөлөгдөх | H5: 2000 | I5: 2000 | AB5: =SUM(I5:AA5) -> 2000 | AC5: =+AB5-H5 -> 0 | AD5: нөат
A6: 2025-07-01 | B6: Синчи-Ойл | C6: 2588617 | D6: 2727.27 | E6: 30000 | F6: 27272.73 | G6: Энгийн | H6: =+E6-D6 -> 27272.73 | P6: =+H6 -> 27272.73 | AB6: =SUM(I6:AA6) -> 27272.73 | AC6: =+AB6-H6 -> 0 | AD6: нөат
A7: 2025-07-01 | B7: Синчи-Ойл | C7: 2588617 | D7: 2727.27 | E7: 30000 | F7: 27272.73 | G7: Энгийн | H7: =+E7-D7 -> 27272.73 | P7: =+H7 -> 27272.73 | AB7: =SUM(I7:AA7) -> 27272.73 | AC7: =+AB7-H7 -> 0 | AD7: нөат
A8: 2025-07-01 | B8: Алтан их бүс | C8: 5922321 | D8: 2727.27 | E8: 30000 | F8: 27272.73 | G8: Энгийн | H8: =+E8-D8 -> 27272.73 | O8: =+H8 -> 27272.73 | AB8: =SUM(I8:AA8) -> 27272.73 | AC8: =+AB8-H8 -> 0 | AD8: нөат
A9: 2025-07-01 | B9: Шунхлайтрейдинг | C9: 5506239 | D9: 7386.73 | E9: 81254 | F9: 73867.27 | G9: Энгийн | H9: =+E9-D9 -> 73867.27 | P9: =+H9 -> 73867.27 | AB9: =SUM(I9:AA9) -> 73867.27 | AC9: =+AB9-H9 -> 0 | AD9: нөат
A10: 2025-07-01 | B10: Дэ булл хот пот | C10: 7045057 | D10: 35062.5 | E10: 392700 | F10: 357637.5 | G10: Энгийн | H10: =+E10-D10 -> 357637.5 | I10: =+H10 -> 357637.5 | AB10: =SUM(I10:AA10) -> 357637.5 | AC10: =+AB10-H10 -> 0 | AD10: нөат
A11: 2025-07-02 | B11: Синчи-Ойл | C11: 2588617 | D11: 4545.45 | E11: 50000 | F11: 45454.55 | G11: Энгийн | H11: =+E11-D11 -> 45454.55 | P11: =+H11 -> 45454.55 | AB11: =SUM(I11:AA11) -> 45454.55 | AC11: =+AB11-H11 -> 0 | AD11: нөат
A12: 2025-07-02 | B12: Ганхуяг БОЛОР-ЭРДЭНЭ | C12: УЦ91010711 | D12: 24490.91 | E12: 269400 | F12: 244909.09 | G12: Энгийн | H12: =+E12-D12 -> 244909.09 | M12: =+H12 -> 244909.09 | AB12: =SUM(I12:AA12) -> 244909.09 | AC12: =+AB12-H12 -> 0 | AD12: нөат
A13: 2025-07-03 | B13: Содмонгол групп | C13: 2577739 | D13: 2727.27 | E13: 30000 | F13: 27272.73 | G13: Энгийн | H13: =+E13-D13 -> 27272.73 | P13: =+H13 -> 27272.73 | AB13: =SUM(I13:AA13) -> 27272.73 | AC13: =+AB13-H13 -> 0
A14: 2025-07-03 | B14: ГОМБО ДЭЛГЭРМАА | C14: ШЕ70110962 | D14: 0 | E14: 47000 | F14: 47000 | G14: Энгийн | H14: =+E14-D14 -> 47000 | M14: =+H14 -> 47000 | AB14: =SUM(I14:AA14) -> 47000 | AC14: =+AB14-H14 -> 0 | AD14: нөат
A15: 2025-07-03 | B15: Алханатрейд | C15: 2595192 | D15: 6363.64 | E15: 70000 | F15: 63636.36 | G15: Энгийн | H15: =+E15-D15 -> 63636.36 | O15: =+H15 -> 63636.36 | AB15: =SUM(I15:AA15) -> 63636.36 | AC15: =+AB15-H15 -> 0 | AD15: нөат
A16: 2025-07-03 | B16: Өсөх идэр ирээдүй | C16: 6548644 | D16: 6500 | E16: 71500 | F16: 65000 | G16: Энгийн | H16: =+E16-D16 -> 65000 | O16: 65000 | AB16: =SUM(I16:AA16) -> 65000 | AC16: =+AB16-H16 -> 0 | AD16: нөат
A17: 2025-07-03 | B17: Нарлаг толгод | C17: 8420963 | D17: 7347.24 | E17: 80900 | F17: 73552.76 | G17: Энгийн | H17: =+E17-D17 -> 73552.76 | K17: =+H17 -> 73552.76 | AB17: =SUM(I17:AA17) -> 73552.76 | AC17: =+AB17-H17 -> 0 | AD17: нөат
A18: 2025-07-03 | B18: Ньюбулл | C18: 2679396 | D18: 11232.143 | E18: 125800 | F18: 114567.86 | G18: Энгийн | H18: =+E18-D18 -> 114567.86 | I18: 114567.86 | AB18: =SUM(I18:AA18) -> 114567.86 | AC18: =+AB18-H18 -> 0 | AD18: нөат
A19: 2025-07-03 | B19: Дашваанжил групп | C19: 2025191 | D19: 0 | E19: 475000 | F19: 475000 | G19: Чөлөөлөгдөх | H19: =+E19-D19 -> 475000 | P19: =+H19 -> 475000 | AB19: =SUM(I19:AA19) -> 475000 | AC19: =+AB19-H19 -> 0 | AD19: нөат
A20: 2025-07-04 | B20: Нарлаг толгод | C20: 8420963 | D20: 1263.64 | E20: 13900 | F20: 12636.36 | G20: Энгийн | H20: =+E20-D20 -> 12636.36 | K20: =+H20 -> 12636.36 | AB20: =SUM(I20:AA20) -> 12636.36 | AC20: =+AB20-H20 -> 0 | AD20: нөат
A21: 2025-07-05 | B21: Ганболд ЦЭЛМЭГ | C21: УП04310154 | D21: 537.09 | E21: 5908 | F21: 5370.91 | G21: Энгийн | H21: =+E21-D21 -> 5370.91 | I21: =+H21 -> 5370.91 | AB21: =SUM(I21:AA21) -> 5370.91 | AC21: =+AB21-H21 -> 0 | AD21: нөат
A22: 2025-07-05 | B22: ЧУЛУУНХҮҮ ДОЛЖИНСҮРЭН | C22: ЧС60090569 | D22: 0 | E22: 19500 | F22: 19500 | G22: Энгийн | H22: =+E22-D22 -> 19500 | I22: =+H22 -> 19500 | AB22: =SUM(I22:AA22) -> 19500 | AC22: =+AB22-H22 -> 0 | AD22: нөат
A23: 2025-07-05 | B23: ГОМБО ДЭЛГЭРМАА | C23: ШЕ70110962 | D23: 0 | E23: 38000 | F23: 38000 | G23: Энгийн | H23: =+E23-D23 -> 38000 | M23: =+H23 -> 38000 | AB23: =SUM(I23:AA23) -> 38000 | AC23: =+AB23-H23 -> 0 | AD23: нөат
A24: 2025-07-05 | B24: ЛХАМСҮРЭН ОТГОНБАЯР | C24: АЯ94060507 | D24: 3746.82 | E24: 41215 | F24: 37468.18 | G24: Энгийн | H24: =+E24-D24 -> 37468.18 | I24: =+H24 -> 37468.18 | AB24: =SUM(I24:AA24) -> 37468.18 | AC24: =+AB24-H24 -> 0 | AD24: нөат
A25: 2025-07-05 | B25: Дашваанжил групп | C25: 2025191 | D25: 0 | E25: 57900 | F25: 57900 | G25: Чөлөөлөгдөх | H25: =+E25-D25 -> 57900 | M25: =+H25 -> 57900 | AB25: =SUM(I25:AA25) -> 57900 | AC25: =+AB25-H25 -> 0
A26: 2025-07-05 | B26: Хулхан | C26: 2744783 | D26: 7681.82 | E26: 84500 | F26: 76818.18 | G26: Энгийн | H26: =+E26-D26 -> 76818.18 | K26: =+H26 -> 76818.18 | AB26: =SUM(I26:AA26) -> 76818.18 | AC26: =+AB26-H26 -> 0 | AD26: нөат
A27: 2025-07-05 | B27: Монсуль | C27: 2794241 | D27: 14295.45 | E27: 157250 | F27: 142954.55 | G27: Энгийн | H27: =+E27-D27 -> 142954.55 | P27: =+H27 -> 142954.55 | AB27: =SUM(I27:AA27) -> 142954.55 | AC27: =+AB27-H27 -> 0 | AD27: нөат
A28: 2025-07-05 | B28: Петростар | C28: 5241901 | D28: 19792.91 | E28: 217722 | F28: 197929.09 | G28: Энгийн | H28: =+E28-D28 -> 197929.09 | P28: =+H28 -> 197929.09 | AB28: =SUM(I28:AA28) -> 197929.09 | AC28: =+AB28-H28 -> 0 | AD28: нөат
A29: 2025-07-05 | B29: Номин бизнес клуб | C29: 6736106 | D29: 44094.64 | E29: 490439 | F29: 446344.36 | G29: Энгийн | H29: =+E29-D29 -> 446344.36 | K29: 446344.36 | AB29: =SUM(I29:AA29) -> 446344.36 | AC29: =+AB29-H29 -> 0
A30: 2025-07-06 | B30: Ти Эм ойл | C30: 6099866 | D30: 13728.18 | E30: 151010 | F30: 137281.82 | G30: Энгийн | H30: =+E30-D30 -> 137281.82 | I30: 137281.82 | P30: =+I30 -> 137281.82 | AB30: =SUM(I30:AA30) -> 274563.64 | AC30: =+AB30-H30 -> 137281.82 | AD30: нөат
A31: 2025-07-07 | B31: ZEEL TULULT,ДЭМБЭРЭЛСҮРЭН ЭРДЭНЭЦЭЦЭГ,ХА | C31: ДЭМБЭРЭЛСҮРЭН ЭРДЭНЭЦЭЦЭГ | D31: MN230005005735021190 | F31: 1 | H31: 200000 | I31: 200000 | AB31: =SUM(I31:AA31) -> 200000 | AC31: =+AB31-H31 -> 0 | AD31: нөат
A32: 2025-07-07 | B32: ZEEL TULULT,НУРМАА ЭРДЭНЭСҮХ,ХААН ТӨВ БА | C32: НУРМАА ЭРДЭНЭСҮХ | D32: MN170005005026304378 | F32: 1 | H32: 3160000 | J32: 3160000 | AB32: =SUM(I32:AA32) -> 3160000 | AC32: =+AB32-H32 -> 0 | AD32: нөат
A33: 2025-07-07 | B33: АЛТАНГЭРЭЛ ЦАСЧИХЭР,СЭБҮ СТАДИ ТУР,ХААН ТӨВ БАНК | C33: СЭБҮ СТАДИ ТУР | E33: MN920005005431711327 | F33: 1 | H33: 6400000 | J33: 6400000 | AB33: =SUM(I33:AA33) -> 6400000 | AC33: =+AB33-H33 -> 0 | AD33: нөат
A34: 2025-07-07 | B34: Улсын нэгдүгээр төв эмнэлэг | C34: 9077138 | D34: 0 | E34: 50000 | F34: 50000 | G34: Чөлөөлөгдөх | H34: 50000 | L34: 50000 | AB34: =SUM(I34:AA34) -> 50000 | AC34: =+AB34-H34 -> 0 | AD34: нөат
A35: 2025-07-07 | B35: Синчи-Ойл | C35: 2588617 | D35: 4545.45 | E35: 50000 | F35: 45454.55 | G35: Энгийн | H35: =+E35-D35 -> 45454.55 | P35: =+H35 -> 45454.55 | AB35: =SUM(I35:AA35) -> 45454.55 | AC35: =+AB35-H35 -> 0 | AD35: нөат
A36: 2025-07-07 | B36: Улсын нэгдүгээр төв эмнэлэг | C36: 9077138 | D36: 0 | E36: 320000 | F36: 320000 | G36: Чөлөөлөгдөх | H36: 320000 | L36: 320000 | AB36: =SUM(I36:AA36) -> 320000 | AC36: =+AB36-H36 -> 0
A37: 2025-07-08 | B37: INTERNET,ЭНХБАЯР БЯМБАХОРОЛ,ТӨРИЙН БАНК | C37: ЭНХБАЯР БЯМБАХОРОЛ | D37: MN050034360000378300 | F37: 1 | H37: 40000 | I37: =+H37 -> 40000 | AB37: =SUM(I37:AA37) -> 40000 | AC37: =+AB37-H37 -> 0 | AD37: нөат
A38: 2025-07-08 | B38: 5899508 4 ХҮН,ХХҮЕГАЗАР,Төрийн сан | C38: ХХҮЕГАЗАР | D38: MN830090100900017002 | F38: 1 | H38: 120000 | I38: 120000 | AB38: =SUM(I38:AA38) -> 120000 | AC38: =+AB38-H38 -> 0 | AD38: нөат
A39: 2025-07-08 | B39: Малтзсэлес | C39: 5205093 | D39: 636.36364 | E39: 7000 | F39: 6363.6364 | G39: Энгийн | H39: =+E39-D39 -> 6363.6364 | I39: =+H39 -> 6363.6364 | AB39: =SUM(I39:AA39) -> 6363.6364 | AC39: =+AB39-H39 -> 0 | AD39: нөат
A40: 2025-07-08 | B40: Мобиком корпораци | C40: 2072572 | D40: 1272.73 | E40: 14000 | F40: 12727.27 | G40: Энгийн | H40: =+E40-D40 -> 12727.27 | I40: 12727.27 | AB40: =SUM(I40:AA40) -> 12727.27 | AC40: =+AB40-H40 -> 0 | AD40: нөат
A41: 2025-07-08 | B41: ЮНИТЕЛ | C41: 5036895 | D41: 1363.64 | E41: 15000 | F41: 13636.36 | G41: Энгийн | H41: =+E41-D41 -> 13636.36 | I41: 13636.36 | AB41: =SUM(I41:AA41) -> 13636.36 | AC41: =+AB41-H41 -> 0 | AD41: нөат
A42: 2025-07-08 | B42: Петростар | C42: 5241901 | D42: 1363.64 | E42: 15000 | F42: 13636.36 | G42: Энгийн | H42: =+E42-D42 -> 13636.36 | P42: =+H42 -> 13636.36 | AB42: =SUM(I42:AA42) -> 13636.36 | AC42: =+AB42-H42 -> 0 | AD42: нөат
A43: 2025-07-08 | B43: Петростар | C43: 5241901 | D43: 1818.18 | E43: 20000 | F43: 18181.82 | G43: Энгийн | H43: =+E43-D43 -> 18181.82 | P43: =+H43 -> 18181.82 | AB43: =SUM(I43:AA43) -> 18181.82 | AC43: =+AB43-H43 -> 0 | AD43: нөат
A44: 2025-07-08 | B44: Мобиком корпораци | C44: 2072572 | D44: 2263.64 | E44: 24900 | F44: 22636.36 | G44: Энгийн | H44: =+E44-D44 -> 22636.36 | I44: 22636.36 | AB44: =SUM(I44:AA44) -> 22636.36 | AC44: =+AB44-H44 -> 0 | AD44: нөат
A45: 2025-07-08 | B45: Мобиком корпораци | C45: 2072572 | D45: 4072.73 | E45: 44800.01 | F45: 40727.28 | G45: Энгийн | H45: =+E45-D45 -> 40727.28 | I45: 40727.28 | AB45: =SUM(I45:AA45) -> 40727.28 | AC45: =+AB45-H45 -> 0 | AD45: нөат
A46: 2025-07-08 | B46: Петростар | C46: 5241901 | D46: 4545.45 | E46: 50000 | F46: 45454.55 | G46: Энгийн | H46: =+E46-D46 -> 45454.55 | P46: =+H46 -> 45454.55 | AB46: =SUM(I46:AA46) -> 45454.55 | AC46: =+AB46-H46 -> 0 | AD46: нөат
A47: 2025-07-08 | B47: Мобиком корпораци | C47: 2072572 | D47: 4981.82 | E47: 54799.99 | F47: 49818.17 | G47: Энгийн | H47: =+E47-D47 -> 49818.17 | I47: 49818.17 | AB47: =SUM(I47:AA47) -> 49818.17 | AC47: =+AB47-H47 -> 0 | AD47: нөат
A48: 2025-07-08 | B48: Малтзсэлес | C48: 5205093 | D48: 5681.8182 | E48: 62500 | F48: 56818.182 | G48: Энгийн | H48: =+E48-D48 -> 56818.182 | I48: =+H48 -> 56818.182 | AB48: =SUM(I48:AA48) -> 56818.182 | AC48: =+AB48-H48 -> 0 | AD48: нөат
A49: 2025-07-08 | B49: Хулхан | C49: 2744783 | D49: 8509.09 | E49: 93600 | F49: 85090.91 | G49: Энгийн | H49: =+E49-D49 -> 85090.91 | K49: =+H49 -> 85090.91 | AB49: =SUM(I49:AA49) -> 85090.91 | AC49: =+AB49-H49 -> 0 | AD49: нөат
A50: 2025-07-08 | B50: Хулхан | C50: 2744783 | D50: 9381.82 | E50: 103200 | F50: 93818.18 | G50: Энгийн | H50: =+E50-D50 -> 93818.18 | K50: =+H50 -> 93818.18 | AB50: =SUM(I50:AA50) -> 93818.18 | AC50: =+AB50-H50 -> 0 | AD50: нөат
A51: 2025-07-08 | B51: Чинзасагт | C51: 4491025 | D51: 23636.364 | E51: 260000 | F51: 236363.64 | G51: Энгийн | H51: =+E51-D51 -> 236363.64 | I51: =+H51 -> 236363.64 | AB51: =SUM(I51:AA51) -> 236363.64 | AC51: =+AB51-H51 -> 0 | AD51: нөат
A52: 2025-07-08 | B52: Баялагжимс | C52: 5204569 | D52: 24481.818 | E52: 269300 | F52: 244818.18 | G52: Энгийн | H52: =+E52-D52 -> 244818.18 | K52: =+H52 -> 244818.18 | AB52: =SUM(I52:AA52) -> 244818.18 | AC52: =+AB52-H52 -> 0 | AD52: нөат
A53: 2025-07-09 | B53: GADAADIIN IRGEN HARIYA,ЭНХБАЯР БЯМБАХОРО | C53: ЭНХБАЯР БЯМБАХОРОЛ | D53: MN050034360000378300 | F53: 1 | H53: 645000 | I53: 645000 | AB53: =SUM(I53:AA53) -> 645000 | AC53: =+AB53-H53 -> 0 | AD53: нөат
A54: 2025-07-09 | B54: OGLOONII GUILGEE BUTSAAV,БЯМБАХОРОЛ ЭНХБ | C54: БЯМБАХОРОЛ ЭНХБАЯР | D54: MN810005005700603188 | F54: 1 | H54: 1100000 | I54: =+H54 -> 1100000 | AB54: =SUM(I54:AA54) -> 1100000 | AC54: =+AB54-H54 -> 0 | AD54: нөат
A55: 2025-07-09 | B55: 4161УБҮ ТҮРЭЭС,МАРУУШ ЛХАГВАДОРЖ,ХААН ТӨ | C55: МАРУУШ ЛХАГВАДОРЖ | D55: MN290005005720619298 | F55: 1 | H55: 4500000 | I55: =+H55 -> 4500000 | AB55: =SUM(I55:AA55) -> 4500000 | AC55: =+AB55-H55 -> 0 | AD55: нөат
A56: 2025-07-09 | B56: Янгирхайрхан | C56: 2590905 | D56: 8675.1623 | E56: 95600 | F56: 86924.838 | G56: Энгийн | H56: =+E56-D56 -> 86924.838 | K56: 86924.838 | AB56: =SUM(I56:AA56) -> 86924.838 | AC56: =+AB56-H56 -> 0 | AD56: нөат
A57: 2025-07-09 | B57: Синчи-Ойл | C57: 2588617 | D57: 9090.91 | E57: 100000 | F57: 90909.09 | G57: Энгийн | H57: =+E57-D57 -> 90909.09 | P57: =+H57 -> 90909.09 | AB57: =SUM(I57:AA57) -> 90909.09 | AC57: =+AB57-H57 -> 0 | AD57: нөат
A58: 2025-07-09 | B58: Синчи-Ойл | C58: 2588617 | D58: 9090.91 | E58: 100000 | F58: 90909.09 | G58: Энгийн | H58: =+E58-D58 -> 90909.09 | P58: =+H58 -> 90909.09 | AB58: =SUM(I58:AA58) -> 90909.09 | AC58: =+AB58-H58 -> 0 | AD58: нөат
A59: 2025-07-10 | B59: MAHNII UNE,БЯМБАХОРОЛ ХОСБАЯР,ХААН ТӨВ Б | C59: БЯМБАХОРОЛ ХОСБАЯР | D59: MN420005005030348343 | F59: 1 | H59: 200000 | K59: 200000 | AB59: =SUM(I59:AA59) -> 200000 | AC59: =+AB59-H59 -> 0 | AD59: нөат
A60: 2025-07-10 | B60: Дэ булл хот пот | C60: 7045057 | D60: 3348.2143 | E60: 37500 | F60: 34151.786 | G60: Энгийн | H60: =+E60-D60 -> 34151.786 | I60: =+H60 -> 34151.786 | AB60: =SUM(I60:AA60) -> 34151.786 | AC60: =+AB60-H60 -> 0
A61: 2025-07-10 | B61: Дашваанжил групп | C61: 2025191 | D61: 0 | E61: 48250 | F61: 48250 | G61: Чөлөөлөгдөх | H61: =+E61-D61 -> 48250 | M61: =+H61 -> 48250 | AB61: =SUM(I61:AA61) -> 48250 | AC61: =+AB61-H61 -> 0 | AD61: нөат
A62: 2025-07-10 | B62: Дэ булл хот пот | C62: 7045057 | D62: 36473.214 | E62: 408500 | F62: 372026.79 | G62: Энгийн | H62: =+E62-D62 -> 372026.79 | I62: =+H62 -> 372026.79 | AB62: =SUM(I62:AA62) -> 372026.79 | AC62: =+AB62-H62 -> 0
A63: 2025-07-11 | B63: Вираго куалити | C63: 6687857 | D63: 11527.27 | E63: 126800 | F63: 115272.73 | G63: Энгийн | H63: =+E63-D63 -> 115272.73 | K63: =+H63 -> 115272.73 | AB63: =SUM(I63:AA63) -> 115272.73 | AC63: =+AB63-H63 -> 0 | AD63: нөат
A64: 2025-07-12 | B64: Ойнбирж | C64: 2026945 | D64: 4545.45 | E64: 50000 | F64: 45454.55 | G64: Энгийн | H64: =+E64-D64 -> 45454.55 | P64: =+H64 -> 45454.55 | AB64: =SUM(I64:AA64) -> 45454.55 | AC64: =+AB64-H64 -> 0 | AD64: нөат
A65: 2025-07-14 | B65: LI,БЯМБАХОРОЛ ХОСБАЯР,ХААН ТӨВ БАНК | C65: БЯМБАХОРОЛ ХОСБАЯР | D65: MN420005005030348343 | F65: 1 | H65: 100000 | I65: =+H65 -> 100000 | AB65: =SUM(I65:AA65) -> 100000 | AC65: =+AB65-H65 -> 0 | AD65: нөат
A66: 2025-07-14 | B66: KRAM,БЯМБАХОРОЛ ЭНХБАЯР,ХААН ТӨВ БАНК | C66: БЯМБАХОРОЛ ЭНХБАЯР | D66: MN810005005700603188 | F66: 1 | H66: 540000 | I66: =+H66 -> 540000 | AB66: =SUM(I66:AA66) -> 540000 | AC66: =+AB66-H66 -> 0 | AD66: нөат
A67: 2025-07-14 | B67: Синчи-Ойл | C67: 2588617 | D67: 4545.45 | E67: 50000 | F67: 45454.55 | G67: Энгийн | H67: =+E67-D67 -> 45454.55 | P67: =+H67 -> 45454.55 | AB67: =SUM(I67:AA67) -> 45454.55 | AC67: =+AB67-H67 -> 0 | AD67: нөат
A68: 2025-07-14 | B68: Синчи газ | C68: 2638126 | D68: 0 | E68: 99000 | F68: 99000 | G68: Чөлөөлөгдөх | H68: 99000 | M68: =+H68 -> 99000 | AB68: =SUM(I68:AA68) -> 99000 | AC68: =+AB68-H68 -> 0
A69: 2025-07-15 | B69: ДИСДАА ЭНХТӨР | C69: ТК87042312 | D69: 4312.91 | E69: 47442 | F69: 43129.09 | G69: Энгийн | H69: =+E69-D69 -> 43129.09 | K69: =+H69 -> 43129.09 | AB69: =SUM(I69:AA69) -> 43129.09 | AC69: =+AB69-H69 -> 0 | AD69: нөат
A70: 2025-07-15 | B70: Премиум нэксус | C70: 6155804 | D70: 7981.8182 | E70: 87800 | F70: 79818.182 | G70: Энгийн | H70: =+E70-D70 -> 79818.182 | K70: =+H70 -> 79818.182 | AB70: =SUM(I70:AA70) -> 79818.182 | AC70: =+AB70-H70 -> 0 | AD70: нөат
A71: 2025-07-15 | B71: Номин хайпермаркет баруун бүс | C71: 7173713 | D71: 10309.91 | E71: 113409 | F71: 103099.09 | G71: Энгийн | H71: =+E71-D71 -> 103099.09 | I71: 103099.09 | AB71: =SUM(I71:AA71) -> 103099.09 | AC71: =+AB71-H71 -> 0 | AD71: нөат
A72: 2025-07-16 | B72: Синчи газ | C72: 2638126 | D72: 0 | E72: 80000 | F72: 80000 | G72: Чөлөөлөгдөх | H72: 80000 | K72: 80000 | AB72: =SUM(I72:AA72) -> 80000 | AC72: =+AB72-H72 -> 0
A73: 2025-07-16 | B73: ДОРЖ ДАМДИННАВАГ | C73: ПЮ69042116 | D73: 0 | E73: 160000 | F73: 160000 | G73: Энгийн | H73: =+E73-D73 -> 160000 | K73: =+H73 -> 160000 | AB73: =SUM(I73:AA73) -> 160000 | AC73: =+AB73-H73 -> 0
A74: 2025-07-17 | B74: Петростар | C74: 5241901 | D74: 14463.64 | E74: 159100 | F74: 144636.36 | G74: Энгийн | H74: =+E74-D74 -> 144636.36 | P74: =+H74 -> 144636.36 | AB74: =SUM(I74:AA74) -> 144636.36 | AC74: =+AB74-H74 -> 0 | AD74: нөат
A75: 2025-07-18 | B75: Глобал-Ацетилен | C75: 5361184 | D75: 5500 | E75: 60500 | F75: 55000 | G75: Энгийн | H75: =+E75-D75 -> 55000 | N75: =+H75 -> 55000 | AB75: =SUM(I75:AA75) -> 55000 | AC75: =+AB75-H75 -> 0 | AD75: нөат
A76: 2025-07-18 | B76: Петростар | C76: 5241901 | D76: 9090.91 | E76: 100000 | F76: 90909.09 | G76: Энгийн | H76: =+E76-D76 -> 90909.09 | P76: =+H76 -> 90909.09 | AB76: =SUM(I76:AA76) -> 90909.09 | AC76: =+AB76-H76 -> 0 | AD76: нөат
A77: 2025-07-18 | B77: Глобал-Ацетилен | C77: 5361184 | D77: 28000 | E77: 308000 | F77: 280000 | G77: Энгийн | H77: =+E77-D77 -> 280000 | N77: =+H77 -> 280000 | AB77: =SUM(I77:AA77) -> 280000 | AC77: =+AB77-H77 -> 0 | AD77: нөат
A78: 2025-07-18 | B78: Глобал-Ацетилен | C78: 5361184 | D78: 53000 | E78: 583000 | F78: 530000 | G78: Энгийн | H78: =+E78-D78 -> 530000 | N78: =+H78 -> 530000 | AB78: =SUM(I78:AA78) -> 530000 | AC78: =+AB78-H78 -> 0 | AD78: нөат
A79: 2025-07-20 | B79: Глобал инноватив фүүд трэжүр | C79: 6799272 | D79: 16714.29 | E79: 187200 | F79: 170485.71 | G79: Энгийн | H79: =+E79-D79 -> 170485.71 | K79: =+H79 -> 170485.71 | AB79: =SUM(I79:AA79) -> 170485.71 | AC79: =+AB79-H79 -> 0 | AD79: нөат
A80: 2025-07-21 | B80: Нарлаг толгод | C80: 8420963 | D80: 890.91 | E80: 9800 | F80: 8909.09 | G80: Энгийн | H80: =+E80-D80 -> 8909.09 | M80: =+H80 -> 8909.09 | AB80: =SUM(I80:AA80) -> 8909.09 | AC80: =+AB80-H80 -> 0 | AD80: нөат
A81: 2025-07-21 | B81: ДТУБ сүмбэрэл | C81: 6717268 | D81: 2018.18 | E81: 22200 | F81: 20181.82 | G81: Энгийн | H81: =+E81-D81 -> 20181.82 | K81: =+H81 -> 20181.82 | AB81: =SUM(I81:AA81) -> 20181.82 | AC81: =+AB81-H81 -> 0 | AD81: нөат
A82: 2025-07-21 | B82: Вираго куалити | C82: 6687857 | D82: 4545.46 | E82: 50000 | F82: 45454.54 | G82: Энгийн | H82: =+E82-D82 -> 45454.54 | K82: =+H82 -> 45454.54 | AB82: =SUM(I82:AA82) -> 45454.54 | AC82: =+AB82-H82 -> 0
A83: 2025-07-21 | B83: НИК | C83: 2075261 | D83: 9090.91 | E83: 100000 | F83: 90909.09 | G83: Энгийн | H83: =+E83-D83 -> 90909.09 | P83: =+H83 -> 90909.09 | AB83: =SUM(I83:AA83) -> 90909.09 | AC83: =+AB83-H83 -> 0 | AD83: нөат
A84: 2025-07-22 | B84: 1101159 PP TOGNII TOLBOR | C84: УБЦТС | D84: 1102033206 | F84: 1 | H84: 1550000 | M84: =+H84 -> 1550000 | AB84: =SUM(I84:AA84) -> 1550000 | AC84: =+AB84-H84 -> 0 | AD84: нөат
A85: 2025-07-22 | B85: Эрхэмхангай | C85: 5430836 | D85: 9445.45 | E85: 103900 | F85: 94454.55 | G85: Энгийн | H85: =+E85-D85 -> 94454.55 | K85: 94454.55 | AB85: =SUM(I85:AA85) -> 94454.55 | AC85: =+AB85-H85 -> 0 | AD85: нөат
A86: 2025-07-22 | B86: Глобал-Ацетилен | C86: 5361184 | D86: 11200 | E86: 123200 | F86: 112000 | G86: Энгийн | H86: =+E86-D86 -> 112000 | N86: =+H86 -> 112000 | AB86: =SUM(I86:AA86) -> 112000 | AC86: =+AB86-H86 -> 0
A87: 2025-07-22 | B87: Глобал-Ацетилен | C87: 5361184 | D87: 36000 | E87: 396000 | F87: 360000 | G87: Энгийн | H87: =+E87-D87 -> 360000 | N87: =+H87 -> 360000 | AB87: =SUM(I87:AA87) -> 360000 | AC87: =+AB87-H87 -> 0
A88: 2025-07-22 | B88: Глобал-Ацетилен | C88: 5361184 | D88: 44000 | E88: 484000 | F88: 440000 | G88: Энгийн | H88: =+E88-D88 -> 440000 | N88: =+H88 -> 440000 | AB88: =SUM(I88:AA88) -> 440000 | AC88: =+AB88-H88 -> 0 | AD88: нөат
A89: 2025-07-22 | B89: Очир ундраа ОМЗ ББСБ | C89: 2734745 | D89: 0 | E89: 1748126.9 | F89: 1748126.9 | G89: Чөлөөлөгдөх | H89: 1748126.9 | J89: 1748126.9 | AB89: =SUM(I89:AA89) -> 1748126.9 | AC89: =+AB89-H89 -> 0 | AD89: нөат
A90: 2025-07-23 | B90: PP УУЛЫН АЖЛЫН ТӨЛӨВЛӨГӨӨ,ДОЛГОР БОЛДХУЯ | C90: ДОЛГОР БОЛДХУЯГ | D90: MN660005005302726239 | F90: 1 | H90: 500000 | I90: =+H90 -> 500000 | AB90: =SUM(I90:AA90) -> 500000 | AC90: =+AB90-H90 -> 0 | AD90: нөат
A91: 2025-07-23 | B91: Аргал ойл | C91: 6309011 | D91: 9090.91 | E91: 100000 | F91: 90909.09 | G91: Энгийн | H91: =+E91-D91 -> 90909.09 | P91: =+H91 -> 90909.09 | AB91: =SUM(I91:AA91) -> 90909.09 | AC91: =+AB91-H91 -> 0 | AD91: нөат
A92: 2025-07-23 | B92: Инвескор ББСБ | C92: 6060854 | D92: 0 | E92: 154899.83 | F92: 154899.83 | G92: Чөлөөлөгдөх | H92: 154899.83 | J92: 154899.83 | AB92: =SUM(I92:AA92) -> 154899.83 | AC92: =+AB92-H92 -> 0 | AD92: нөат
A93: 2025-07-23 | B93: Инвескор ББСБ | C93: 6060854 | D93: 0 | E93: 8579898.7 | F93: 8579898.7 | G93: Чөлөөлөгдөх | H93: 8579898.7 | J93: 8579898.7 | AB93: =SUM(I93:AA93) -> 8579898.7 | AC93: =+AB93-H93 -> 0 | AD93: нөат
A94: 2025-07-24 | B94: AA MAT,ТОГТООЛ ЦЭВЭЛЛХАСҮРЭН,ХААН ТӨВ БА | C94: ТОГТООЛ ЦЭВЭЛЛХАСҮРЭН | D94: MN350005005029185051 | F94: 1 | H94: 134100 | M94: 134100 | AB94: =SUM(I94:AA94) -> 134100 | AC94: =+AB94-H94 -> 0 | AD94: нөат
A95: 2025-07-24 | B95: HUNSNII MAT,МААМ УРАНЧИМЭГ,ХААН ТӨВ БАНК | C95: МААМ УРАНЧИМЭГ | D95: MN470005005034389273 | F95: 1 | H95: 285600 | K95: 285600 | AB95: =SUM(I95:AA95) -> 285600 | AC95: =+AB95-H95 -> 0 | AD95: нөат
A96: 2025-07-24 | B96: MAH,ЛХАМСҮРЭН УЯНГА,ХААН ТӨВ БАНК | C96: ЛХАМСҮРЭН УЯНГА | D96: MN720005005033817687 | F96: 1 | H96: 287500 | K96: 287500 | AB96: =SUM(I96:AA96) -> 287500 | AC96: =+AB96-H96 -> 0 | AD96: нөат
A97: 2025-07-24 | B97: HUNS UR TULUV,НУРМАА ЭРДЭНЭСҮХ,ХААН ТӨВ | C97: НУРМАА ЭРДЭНЭСҮХ | D97: MN170005005026304378 | E97: 1 | H97: 411250 | K97: 411250 | AB97: =SUM(I97:AA97) -> 411250 | AC97: =+AB97-H97 -> 0 | AD97: нөат
A98: 2025-07-24 | B98: NOGOON TEJEEL,БЯМБАХОРОЛ ХОСБАЯР,ХААН ТӨ | C98: БЯМБАХОРОЛ ХОСБАЯР | D98: MN420005005030348343 | F98: 1 | H98: 500000 | I98: =+H98 -> 500000 | AB98: =SUM(I98:AA98) -> 500000 | AC98: =+AB98-H98 -> 0
A99: 2025-07-24 | B99: SELBEG,НАЙМАНТАЛТ УУЛ,ХААН ТӨВ БАНК | C99: НАЙМАНТАЛТ УУЛ | D99: MN040005005087156495 | F99: 1 | H99: 572000 | O99: 572000 | AB99: =SUM(I99:AA99) -> 572000 | AC99: =+AB99-H99 -> 0
A100: 2025-07-24 | B100: NOGOON TEHEEL,БЯМБАХОРОЛ ХОСБАЯР,ХААН ТӨ | C100: БЯМБАХОРОЛ ХОСБАЯР | D100: MN420005005030348343 | F100: 1 | H100: 500000 | I100: =+H100 -> 500000 | AB100: =SUM(I100:AA100) -> 500000 | AC100: =+AB100-H100 -> 0 | AD100: нөат
A101: 2025-07-24 | B101: ZASVART,БАЛХУР,ХААН ТӨВ БАНК | C101: БАЛХУР | D101: MN530005005087413342 | F101: 1 | H101: 1606000 | N101: 1606000 | AB101: =SUM(I101:AA101) -> 1606000 | AC101: =+AB101-H101 -> 0 | AD101: нөат
A102: 2025-07-24 | B102: Алтан их бүс | C102: 5922321 | D102: 15000 | E102: 165000 | F102: 150000 | G102: Энгийн | H102: =+E102-D102 -> 150000 | O102: =+H102 -> 150000 | AB102: =SUM(I102:AA102) -> 150000 | AC102: =+AB102-H102 -> 0 | AD102: нөат
A103: 2025-07-24 | B103: Найманталт уул | C103: 5057884 | D103: 52000 | E103: 572000 | F103: 520000 | G103: Энгийн | H103: =+E103-D103 -> 520000 | O103: =+H103 -> 520000 | AB103: =SUM(I103:AA103) -> 520000 | AC103: =+AB103-H103 -> 0 | AD103: нөат
A104: 2025-07-24 | B104: Балхур | C104: 6608329 | D104: 146000 | E104: 1606000 | F104: 1460000 | G104: Энгийн | H104: =+E104-D104 -> 1460000 | O104: =+H104 -> 1460000 | AB104: =SUM(I104:AA104) -> 1460000 | AC104: =+AB104-H104 -> 0 | AD104: нөат
...

Sheet Sheet1
B1: Сар | C1: Харилцагчийн нэр | D1: Харилцагчийн ТТД | E1: НӨАТ | F1: Цэвэр дүн | G1: Нийт дүн | H1: Татварын төрөл | I1: Нийт Зардал | J1: Оффис хангамж | K1: Зээл | L1: Хүнс / кэмп | M1: ХАБ | N1: Хангамж | O1: Засварт | P1: Сэлбэг | Q1: Түлш | R1: Тос тосолгоо | S1: Цалин | T1: НӨӨЦ ашигласны төлбөр | U1: торгууль | V1: Лиценз | W1: Нийгмийн Хариуцлага | X1: Нөхөн сэргэлтийн төлбөр | Y1: хогны төлбөр | Z1: газрын төлбөр | AA1: Суутган | AB1: НДШ | AC1: =SUM(AC2:AC161) -> 90902893 | AD1: Зардлын зөрүү
A2: нөат | B2: 2025-07-31 | C2: Худалдаа хөгжлийн банк | D2: 2635534 | E2: 0 | F2: 1000 | G2: 1000 | H2: Чөлөөлөгдөх | I2: 1000 | J2: 1000 | AC2: =SUM(J2:AB2) -> 1000 | AD2: =+AC2-I2 -> 0 | AE2: нөат
A3: нөат | B3: 2025-07-31 | C3: ДЭМБЭРЭЛСҮРЭН ЭРДЭНЭЦЭЦЭГ | D3: НЭ70032367 | E3: 0 | F3: 1000 | G3: 1000 | H3: Энгийн | I3: 1000 | J3: 1000 | AC3: =SUM(J3:AB3) -> 1000 | AD3: =+AC3-I3 -> 0 | AE3: нөат
A4: нөат | B4: 2025-07-31 | C4: ХААН банк | D4: 2693321 | E4: 0 | F4: 2000 | G4: 2000 | H4: Чөлөөлөгдөх | I4: 2000 | J4: 2000 | AC4: =SUM(J4:AB4) -> 2000 | AD4: =+AC4-I4 -> 0 | AE4: нөат
A5: нөат | B5: 2025-07-01 | C5: Капитронбанк | D5: 2677377 | E5: 0 | F5: 2000 | G5: 2000 | H5: Чөлөөлөгдөх | I5: 2000 | J5: 2000 | AC5: =SUM(J5:AB5) -> 2000 | AD5: =+AC5-I5 -> 0 | AE5: нөат
A6: нөат | B6: 2025-07-05 | C6: Ганболд ЦЭЛМЭГ | D6: УП04310154 | E6: 537.09 | F6: 5908 | G6: 5370.91 | H6: Энгийн | I6: =+F6-E6 -> 5370.91 | J6: =+I6 -> 5370.91 | AC6: =SUM(J6:AB6) -> 5370.91 | AD6: =+AC6-I6 -> 0 | AE6: нөат
A7: нөат | B7: 2025-07-08 | C7: Малтзсэлес | D7: 5205093 | E7: 636.36364 | F7: 7000 | G7: 6363.6364 | H7: Энгийн | I7: =+F7-E7 -> 6363.6364 | J7: =+I7 -> 6363.6364 | AC7: =SUM(J7:AB7) -> 6363.6364 | AD7: =+AC7-I7 -> 0 | AE7: нөат
A8: нөат | B8: 2025-07-21 | C8: Нарлаг толгод | D8: 8420963 | E8: 890.91 | F8: 9800 | G8: 8909.09 | H8: Энгийн | I8: =+F8-E8 -> 8909.09 | N8: =+I8 -> 8909.09 | AC8: =SUM(J8:AB8) -> 8909.09 | AD8: =+AC8-I8 -> 0 | AE8: нөат
A9: нөат | B9: 2025-07-30 | C9: Хангайн түшиг рөүд | D9: 6577482 | E9: 1000 | F9: 11000 | G9: 10000 | H9: Энгийн | I9: 11000 | P9: 11000 | AC9: =SUM(J9:AB9) -> 11000 | AD9: =+AC9-I9 -> 0 | AE9: нөат
C10: 2025-07-26T13:21:42 | D10: AJLIIN BEELII,ГОМБО ДЭЛГЭРМАА,ХААН ТӨВ Б | E10: ГОМБО ДЭЛГЭРМАА | F10: MN080005005074071026 | G10: 1 | I10: 12000 | N10: 12000 | AC10: =SUM(J10:AB10) -> 12000 | AD10: =+AC10-I10 -> 0
A11: нөат | B11: 2025-07-04 | C11: Нарлаг толгод | D11: 8420963 | E11: 1263.64 | F11: 13900 | G11: 12636.36 | H11: Энгийн | I11: =+F11-E11 -> 12636.36 | L11: =+I11 -> 12636.36 | AC11: =SUM(J11:AB11) -> 12636.36 | AD11: =+AC11-I11 -> 0 | AE11: нөат
A12: нөат | B12: 2025-07-08 | C12: Мобиком корпораци | D12: 2072572 | E12: 1272.73 | F12: 14000 | G12: 12727.27 | H12: Энгийн | I12: =+F12-E12 -> 12727.27 | J12: 12727.27 | AC12: =SUM(J12:AB12) -> 12727.27 | AD12: =+AC12-I12 -> 0 | AE12: нөат
A13: нөат | B13: 2025-07-08 | C13: ЮНИТЕЛ | D13: 5036895 | E13: 1363.64 | F13: 15000 | G13: 13636.36 | H13: Энгийн | I13: =+F13-E13 -> 13636.36 | J13: 13636.36 | AC13: =SUM(J13:AB13) -> 13636.36 | AD13: =+AC13-I13 -> 0 | AE13: нөат
A14: нөат | B14: 2025-07-08 | C14: Петростар | D14: 5241901 | E14: 1363.64 | F14: 15000 | G14: 13636.36 | H14: Энгийн | I14: =+F14-E14 -> 13636.36 | J14: 13636.36 | AC14: =SUM(J14:AB14) -> 13636.36 | AD14: =+AC14-I14 -> 0 | AE14: нөат
A15: нөат | B15: 2025-07-31 | C15: Эрхэмхангай | D15: 5430836 | E15: 1418.18 | F15: 15600 | G15: 14181.82 | H15: Энгийн | I15: =+F15-E15 -> 14181.82 | L15: 14181.82 | AC15: =SUM(J15:AB15) -> 14181.82 | AD15: =+AC15-I15 -> 0 | AE15: нөат
A16: нөат | B16: 2025-07-31 | C16: Буман боолт трейд | D16: 6397085 | E16: 1700 | F16: 18700 | G16: 17000 | H16: Энгийн | I16: 18700 | O16: 18700 | AC16: =SUM(J16:AB16) -> 18700 | AD16: =+AC16-I16 -> 0 | AE16: нөат
A17: нөат | B17: 2025-07-05 | C17: ЧУЛУУНХҮҮ ДОЛЖИНСҮРЭН | D17: ЧС60090569 | E17: 0 | F17: 19500 | G17: 19500 | H17: Энгийн | I17: =+F17-E17 -> 19500 | J17: =+I17 -> 19500 | AC17: =SUM(J17:AB17) -> 19500 | AD17: =+AC17-I17 -> 0 | AE17: нөат
A18: нөат | B18: 2025-07-08 | C18: Петростар | D18: 5241901 | E18: 1818.18 | F18: 20000 | G18: 18181.82 | H18: Энгийн | I18: =+F18-E18 -> 18181.82 | J18: 18181.82 | AC18: =SUM(J18:AB18) -> 18181.82 | AD18: =+AC18-I18 -> 0 | AE18: нөат
A19: нөат | B19: 2025-07-31 | C19: Балхур | D19: 6608329 | E19: 2000 | F19: 22000 | G19: 20000 | H19: Энгийн | I19: =+F19-E19 -> 20000 | M19: 20000 | AC19: =SUM(J19:AB19) -> 20000 | AD19: =+AC19-I19 -> 0 | AE19: нөат
A20: нөат | B20: 2025-07-31 | C20: Өсөх идэр ирээдүй | D20: 6548644 | E20: 2000 | F20: 22000 | G20: 20000 | H20: Энгийн | I20: =+F20-E20 -> 20000 | P20: 20000 | AC20: =SUM(J20:AB20) -> 20000 | AD20: =+AC20-I20 -> 0 | AE20: нөат
A21: нөат | B21: 2025-07-21 | C21: ДТУБ сүмбэрэл | D21: 6717268 | E21: 2018.18 | F21: 22200 | G21: 20181.82 | H21: Энгийн | I21: =+F21-E21 -> 20181.82 | L21: =+I21 -> 20181.82 | AC21: =SUM(J21:AB21) -> 20181.82 | AD21: =+AC21-I21 -> 0 | AE21: нөат
C22: 2025-07-25T18:57:44 | D22: HALUUN US 4,НУРМАА ЭРДЭНЭСҮХ,ХААН ТӨВ БА | E22: НУРМАА ЭРДЭНЭСҮХ | F22: MN170005005026304378 | G22: 1 | I22: 24000 | J22: =+I22 -> 24000 | AC22: =SUM(J22:AB22) -> 24000 | AD22: =+AC22-I22 -> 0
A23: нөат | B23: 2025-07-08 | C23: Мобиком корпораци | D23: 2072572 | E23: 2263.64 | F23: 24900 | G23: 22636.36 | H23: Энгийн | I23: =+F23-E23 -> 22636.36 | J23: 22636.36 | AC23: =SUM(J23:AB23) -> 22636.36 | AD23: =+AC23-I23 -> 0 | AE23: нөат
A24: нөат | B24: 2025-07-31 | C24: ЮНИТЕЛ | D24: 5036895 | E24: 2272.73 | F24: 25000 | G24: 22727.27 | H24: Энгийн | I24: =+F24-E24 -> 22727.27 | J24: 22727.27 | AC24: =SUM(J24:AB24) -> 22727.27 | AD24: =+AC24-I24 -> 0 | AE24: нөат
A25: нөат | B25: 2025-07-31 | C25: ЮНИТЕЛ | D25: 5036895 | E25: 2272.73 | F25: 25000 | G25: 22727.27 | H25: Энгийн | I25: =+F25-E25 -> 22727.27 | J25: 22727.27 | AC25: =SUM(J25:AB25) -> 22727.27 | AD25: =+AC25-I25 -> 0 | AE25: нөат
C26: 2025-07-27T13:09:54 | D26: ARCHIH MATERIAL,БАТБОЛД ТУЯАЦЭЦЭГ,ХААН Т | E26: БАТБОЛД ТУЯАЦЭЦЭГ | F26: MN210005005029430810 | G26: 1 | I26: 30000 | N26: 30000 | AC26: =SUM(J26:AB26) -> 30000 | AD26: =+AC26-I26 -> 0
A27: нөат | B27: 2025-07-03 | C27: Содмонгол групп | D27: 2577739 | E27: 2727.27 | F27: 30000 | G27: 27272.73 | H27: Энгийн | I27: =+F27-E27 -> 27272.73 | J27: 27272.73 | AC27: =SUM(J27:AB27) -> 27272.73 | AD27: =+AC27-I27 -> 0 | AE27: нөат
A28: нөат | B28: 2025-07-01 | C28: Синчи-Ойл | D28: 2588617 | E28: 2727.27 | F28: 30000 | G28: 27272.73 | H28: Энгийн | I28: =+F28-E28 -> 27272.73 | J28: 27272.73 | AC28: =SUM(J28:AB28) -> 27272.73 | AD28: =+AC28-I28 -> 0 | AE28: нөат
A29: нөат | B29: 2025-07-01 | C29: Синчи-Ойл | D29: 2588617 | E29: 2727.27 | F29: 30000 | G29: 27272.73 | H29: Энгийн | I29: =+F29-E29 -> 27272.73 | J29: 27272.73 | AC29: =SUM(J29:AB29) -> 27272.73 | AD29: =+AC29-I29 -> 0 | AE29: нөат
A30: нөат | B30: 2025-07-01 | C30: Алтан их бүс | D30: 5922321 | E30: 2727.27 | F30: 30000 | G30: 27272.73 | H30: Энгийн | I30: =+F30-E30 -> 27272.73 | P30: =+I30 -> 27272.73 | AC30: =SUM(J30:AB30) -> 27272.73 | AD30: =+AC30-I30 -> 0 | AE30: нөат
A31: нөат | B31: 2025-07-10 | C31: Дэ булл хот пот | D31: 7045057 | E31: 3348.2143 | F31: 37500 | G31: 34151.786 | H31: Энгийн | I31: =+F31-E31 -> 34151.786 | J31: =+I31 -> 34151.786 | AC31: =SUM(J31:AB31) -> 34151.786 | AD31: =+AC31-I31 -> 0 | AE31: нөат
A32: нөат | B32: 2025-07-05 | C32: ГОМБО ДЭЛГЭРМАА | D32: ШЕ70110962 | E32: 0 | F32: 38000 | G32: 38000 | H32: Энгийн | I32: =+F32-E32 -> 38000 | N32: =+I32 -> 38000 | AC32: =SUM(J32:AB32) -> 38000 | AD32: =+AC32-I32 -> 0 | AE32: нөат
C33: 2025-07-08T12:55:58 | D33: INTERNET,ЭНХБАЯР БЯМБАХОРОЛ,ТӨРИЙН БАНК | E33: ЭНХБАЯР БЯМБАХОРОЛ | F33: MN050034360000378300 | G33: 1 | I33: 40000 | J33: =+I33 -> 40000 | AC33: =SUM(J33:AB33) -> 40000 | AD33: =+AC33-I33 -> 0
A34: нөат | B34: 2025-07-05 | C34: ЛХАМСҮРЭН ОТГОНБАЯР | D34: АЯ94060507 | E34: 3746.82 | F34: 41215 | G34: 37468.18 | H34: Энгийн | I34: =+F34-E34 -> 37468.18 | J34: =+I34 -> 37468.18 | AC34: =SUM(J34:AB34) -> 37468.18 | AD34: =+AC34-I34 -> 0 | AE34: нөат
A35: нөат | B35: 2025-07-08 | C35: Мобиком корпораци | D35: 2072572 | E35: 4072.73 | F35: 44800.01 | G35: 40727.28 | H35: Энгийн | I35: =+F35-E35 -> 40727.28 | J35: 40727.28 | AC35: =SUM(J35:AB35) -> 40727.28 | AD35: =+AC35-I35 -> 0 | AE35: нөат
A36: нөат | B36: 2025-07-03 | C36: ГОМБО ДЭЛГЭРМАА | D36: ШЕ70110962 | E36: 0 | F36: 47000 | G36: 47000 | H36: Энгийн | I36: =+F36-E36 -> 47000 | N36: =+I36 -> 47000 | AC36: =SUM(J36:AB36) -> 47000 | AD36: =+AC36-I36 -> 0 | AE36: нөат
A37: нөат | B37: 2025-07-15 | C37: ДИСДАА ЭНХТӨР | D37: ТК87042312 | E37: 4312.91 | F37: 47442 | G37: 43129.09 | H37: Энгийн | I37: =+F37-E37 -> 43129.09 | L37: =+I37 -> 43129.09 | AC37: =SUM(J37:AB37) -> 43129.09 | AD37: =+AC37-I37 -> 0 | AE37: нөат
A38: нөат | B38: 2025-07-10 | C38: Дашваанжил групп | D38: 2025191 | E38: 0 | F38: 48250 | G38: 48250 | H38: Чөлөөлөгдөх | I38: =+F38-E38 -> 48250 | N38: =+I38 -> 48250 | AC38: =SUM(J38:AB38) -> 48250 | AD38: =+AC38-I38 -> 0 | AE38: нөат
A39: нөат | B39: 2025-07-29 | C39: Синчи газ | D39: 2638126 | E39: 0 | F39: 49500 | G39: 49500 | H39: Чөлөөлөгдөх | I39: 49500 | N39: 49500 | AC39: =SUM(J39:AB39) -> 49500 | AD39: =+AC39-I39 -> 0 | AE39: нөат
A40: нөат | B40: 2025-07-29 | C40: Синчи газ | D40: 2638126 | E40: 0 | F40: 49500 | G40: 49500 | H40: Чөлөөлөгдөх | I40: 49500 | N40: 49500 | AC40: =SUM(J40:AB40) -> 49500 | AD40: =+AC40-I40 -> 0 | AE40: нөат
A41: нөат | B41: 2025-07-21 | C41: Вираго куалити | D41: 6687857 | E41: 4545.46 | F41: 50000 | G41: 45454.54 | H41: Энгийн | I41: =+F41-E41 -> 45454.54 | L41: =+I41 -> 45454.54 | AC41: =SUM(J41:AB41) -> 45454.54 | AD41: =+AC41-I41 -> 0 | AE41: нөат
A42: нөат | B42: 2025-07-14 | C42: Синчи-Ойл | D42: 2588617 | E42: 4545.45 | F42: 50000 | G42: 45454.55 | H42: Энгийн | I42: =+F42-E42 -> 45454.55 | J42: 45454.55 | AC42: =SUM(J42:AB42) -> 45454.55 | AD42: =+AC42-I42 -> 0 | AE42: нөат
A43: нөат | B43: 2025-07-12 | C43: Ойнбирж | D43: 2026945 | E43: 4545.45 | F43: 50000 | G43: 45454.55 | H43: Энгийн | I43: =+F43-E43 -> 45454.55 | J43: 45454.55 | AC43: =SUM(J43:AB43) -> 45454.55 | AD43: =+AC43-I43 -> 0 | AE43: нөат
A44: нөат | B44: 2025-07-08 | C44: Петростар | D44: 5241901 | E44: 4545.45 | F44: 50000 | G44: 45454.55 | H44: Энгийн | I44: =+F44-E44 -> 45454.55 | J44: 45454.55 | AC44: =SUM(J44:AB44) -> 45454.55 | AD44: =+AC44-I44 -> 0 | AE44: нөат
A45: нөат | B45: 2025-07-07 | C45: Улсын нэгдүгээр төв эмнэлэг | D45: 9077138 | E45: 0 | F45: 50000 | G45: 50000 | H45: Чөлөөлөгдөх | I45: 50000 | M45: 50000 | AC45: =SUM(J45:AB45) -> 50000 | AD45: =+AC45-I45 -> 0 | AE45: нөат
A46: нөат | B46: 2025-07-07 | C46: Синчи-Ойл | D46: 2588617 | E46: 4545.45 | F46: 50000 | G46: 45454.55 | H46: Энгийн | I46: =+F46-E46 -> 45454.55 | J46: 45454.55 | AC46: =SUM(J46:AB46) -> 45454.55 | AD46: =+AC46-I46 -> 0 | AE46: нөат
A47: нөат | B47: 2025-07-02 | C47: Синчи-Ойл | D47: 2588617 | E47: 4545.45 | F47: 50000 | G47: 45454.55 | H47: Энгийн | I47: =+F47-E47 -> 45454.55 | J47: 45454.55 | AC47: =SUM(J47:AB47) -> 45454.55 | AD47: =+AC47-I47 -> 0 | AE47: нөат
A48: нөат | B48: 2025-07-30 | C48: Нарлаг толгод | D48: 8420963 | E48: 4819.97 | F48: 53100 | G48: 48280.03 | H48: Энгийн | I48: =+F48-E48 -> 48280.03 | L48: =+I48 -> 48280.03 | AC48: =SUM(J48:AB48) -> 48280.03 | AD48: =+AC48-I48 -> 0 | AE48: нөат
A49: нөат | B49: 2025-07-08 | C49: Мобиком корпораци | D49: 2072572 | E49: 4981.82 | F49: 54799.99 | G49: 49818.17 | H49: Энгийн | I49: =+F49-E49 -> 49818.17 | J49: 49818.17 | AC49: =SUM(J49:AB49) -> 49818.17 | AD49: =+AC49-I49 -> 0 | AE49: нөат
A50: нөат | B50: 2025-07-05 | C50: Дашваанжил групп | D50: 2025191 | E50: 0 | F50: 57900 | G50: 57900 | H50: Чөлөөлөгдөх | I50: =+F50-E50 -> 57900 | N50: =+I50 -> 57900 | AC50: =SUM(J50:AB50) -> 57900 | AD50: =+AC50-I50 -> 0 | AE50: нөат
A51: нөат | B51: 2025-07-26 | C51: Синчи-Ойл | D51: 2588617 | E51: 5454.55 | F51: 60000 | G51: 54545.45 | H51: Энгийн | I51: =+F51-E51 -> 54545.45 | Q51: 54545.45 | AC51: =SUM(J51:AB51) -> 54545.45 | AD51: =+AC51-I51 -> 0 | AE51: нөат
A52: нөат | B52: 2025-07-18 | C52: Глобал-Ацетилен | D52: 5361184 | E52: 5500 | F52: 60500 | G52: 55000 | H52: Энгийн | I52: =+F52-E52 -> 55000 | O52: =+I52 -> 55000 | AC52: =SUM(J52:AB52) -> 55000 | AD52: =+AC52-I52 -> 0 | AE52: нөат
A53: нөат | B53: 2025-07-08 | C53: Малтзсэлес | D53: 5205093 | E53: 5681.8182 | F53: 62500 | G53: 56818.182 | H53: Энгийн | I53: =+F53-E53 -> 56818.182 | J53: =+I53 -> 56818.182 | AC53: =SUM(J53:AB53) -> 56818.182 | AD53: =+AC53-I53 -> 0 | AE53: нөат
A54: нөат | B54: 2025-07-31 | C54: Моннидер | D54: 2824795 | E54: 6102.73 | F54: 67130 | G54: 61027.27 | H54: Энгийн | I54: 67130 | L54: 67130 | AC54: =SUM(J54:AB54) -> 67130 | AD54: =+AC54-I54 -> 0 | AE54: нөат
A55: нөат | B55: 2025-07-03 | C55: Алханатрейд | D55: 2595192 | E55: 6363.64 | F55: 70000 | G55: 63636.36 | H55: Энгийн | I55: =+F55-E55 -> 63636.36 | P55: =+I55 -> 63636.36 | AC55: =SUM(J55:AB55) -> 63636.36 | AD55: =+AC55-I55 -> 0 | AE55: нөат
A56: нөат | B56: 2025-07-03 | C56: Өсөх идэр ирээдүй | D56: 6548644 | E56: 6500 | F56: 71500 | G56: 65000 | H56: Энгийн | I56: =+F56-E56 -> 65000 | P56: 65000 | AC56: =SUM(J56:AB56) -> 65000 | AD56: =+AC56-I56 -> 0 | AE56: нөат
C57: 2025-07-25T18:53:55 | D57: GEREE 50896537 | E57: МОБИКОМ КОРПОРАЦИ ХХК | F57: 1102018877 | G57: 1 | I57: 76486 | J57: =+I57 -> 76486 | AC57: =SUM(J57:AB57) -> 76486 | AD57: =+AC57-I57 -> 0
A58: нөат | B58: 2025-07-25 | C58: Синчи-Ойл | D58: 2588617 | E58: 6981.82 | F58: 76800 | G58: 69818.18 | H58: Энгийн | I58: =+F58-E58 -> 69818.18 | Q58: 69818.18 | AC58: =SUM(J58:AB58) -> 69818.18 | AD58: =+AC58-I58 -> 0 | AE58: нөат
C59: 2025-07-26T15:58:19 | D59: EK TOKARI,ЛХАГВА ДАЛАЙЖАРГАЛ,ХААН ТӨВ БА | E59: ЛХАГВА ДАЛАЙЖАРГАЛ | F59: MN570005005006213406 | G59: 1 | I59: 80000 | P59: 80000 | AC59: =SUM(J59:AB59) -> 80000 | AD59: =+AC59-I59 -> 0
A60: нөат | B60: 2025-07-16 | C60: Синчи газ | D60: 2638126 | E60: 0 | F60: 80000 | G60: 80000 | H60: Чөлөөлөгдөх | I60: 80000 | L60: 80000 | AC60: =SUM(J60:AB60) -> 80000 | AD60: =+AC60-I60 -> 0 | AE60: нөат
A61: нөат | B61: 2025-07-03 | C61: Нарлаг толгод | D61: 8420963 | E61: 7347.24 | F61: 80900 | G61: 73552.76 | H61: Энгийн | I61: =+F61-E61 -> 73552.76 | L61: =+I61 -> 73552.76 | AC61: =SUM(J61:AB61) -> 73552.76 | AD61: =+AC61-I61 -> 0 | AE61: нөат
A62: нөат | B62: 2025-07-01 | C62: Шунхлайтрейдинг | D62: 5506239 | E62: 7386.73 | F62: 81254 | G62: 73867.27 | H62: Энгийн | I62: =+F62-E62 -> 73867.27 | J62: 73867.27 | AC62: =SUM(J62:AB62) -> 73867.27 | AD62: =+AC62-I62 -> 0 | AE62: нөат
A63: нөат | B63: 2025-07-05 | C63: Хулхан | D63: 2744783 | E63: 7681.82 | F63: 84500 | G63: 76818.18 | H63: Энгийн | I63: =+F63-E63 -> 76818.18 | L63: =+I63 -> 76818.18 | AC63: =SUM(J63:AB63) -> 76818.18 | AD63: =+AC63-I63 -> 0 | AE63: нөат
A64: нөат | B64: 2025-07-15 | C64: Премиум нэксус | D64: 6155804 | E64: 7981.8182 | F64: 87800 | G64: 79818.182 | H64: Энгийн | I64: =+F64-E64 -> 79818.182 | L64: =+I64 -> 79818.182 | AC64: =SUM(J64:AB64) -> 79818.182 | AD64: =+AC64-I64 -> 0 | AE64: нөат
C65: 2025-07-30T11:57:12 | D65: МДД ҮНИЙН ЗӨРҮҮ,СИНЧИ-ОЙЛ,ХААН ТӨВ БАНК | E65: СИНЧИ-ОЙЛ | F65: MN960005005038097865 | G65: 1 | I65: 90800 | Q65: 90800 | AC65: =SUM(J65:AB65) -> 90800 | AD65: =+AC65-I65 -> 0
A66: нөат | B66: 2025-07-08 | C66: Хулхан | D66: 2744783 | E66: 8509.09 | F66: 93600 | G66: 85090.91 | H66: Энгийн | I66: =+F66-E66 -> 85090.91 | L66: =+I66 -> 85090.91 | AC66: =SUM(J66:AB66) -> 85090.91 | AD66: =+AC66-I66 -> 0 | AE66: нөат
A67: нөат | B67: 2025-07-09 | C67: Янгирхайрхан | D67: 2590905 | E67: 8675.1623 | F67: 95600 | G67: 86924.838 | H67: Энгийн | I67: =+F67-E67 -> 86924.838 | L67: 86924.838 | AC67: =SUM(J67:AB67) -> 86924.838 | AD67: =+AC67-I67 -> 0 | AE67: нөат
A68: нөат | B68: 2025-07-14 | C68: Синчи газ | D68: 2638126 | E68: 0 | F68: 99000 | G68: 99000 | H68: Чөлөөлөгдөх | I68: 99000 | J68: 99000 | AC68: =SUM(J68:AB68) -> 99000 | AD68: =+AC68-I68 -> 0 | AE68: нөат
C69: 2025-07-14T12:30:58 | D69: LI,БЯМБАХОРОЛ ХОСБАЯР,ХААН ТӨВ БАНК | E69: БЯМБАХОРОЛ ХОСБАЯР | F69: MN420005005030348343 | G69: 1 | I69: 100000 | J69: =+I69 -> 100000 | AC69: =SUM(J69:AB69) -> 100000 | AD69: =+AC69-I69 -> 0
C70: 2025-07-31T10:34:48 | D70: LAM,БЯМБАХОРОЛ ХОСБАЯР,ХААН ТӨВ БАНК | E70: БЯМБАХОРОЛ ХОСБАЯР | F70: MN420005005030348343 | G70: 1 | I70: 100000 | J70: 100000 | AC70: =SUM(J70:AB70) -> 100000 | AD70: =+AC70-I70 -> 0
A71: нөат | B71: 2025-07-23 | C71: Аргал ойл | D71: 6309011 | E71: 9090.91 | F71: 100000 | G71: 90909.09 | H71: Энгийн | I71: =+F71-E71 -> 90909.09 | J71: 90909.09 | AC71: =SUM(J71:AB71) -> 90909.09 | AD71: =+AC71-I71 -> 0 | AE71: нөат
A72: нөат | B72: 2025-07-21 | C72: НИК | D72: 2075261 | E72: 9090.91 | F72: 100000 | G72: 90909.09 | H72: Энгийн | I72: =+F72-E72 -> 90909.09 | J72: 90909.09 | AC72: =SUM(J72:AB72) -> 90909.09 | AD72: =+AC72-I72 -> 0 | AE72: нөат
A73: нөат | B73: 2025-07-18 | C73: Петростар | D73: 5241901 | E73: 9090.91 | F73: 100000 | G73: 90909.09 | H73: Энгийн | I73: =+F73-E73 -> 90909.09 | J73: 90909.09 | AC73: =SUM(J73:AB73) -> 90909.09 | AD73: =+AC73-I73 -> 0 | AE73: нөат
A74: нөат | B74: 2025-07-09 | C74: Синчи-Ойл | D74: 2588617 | E74: 9090.91 | F74: 100000 | G74: 90909.09 | H74: Энгийн | I74: =+F74-E74 -> 90909.09 | J74: 90909.09 | AC74: =SUM(J74:AB74) -> 90909.09 | AD74: =+AC74-I74 -> 0 | AE74: нөат
A75: нөат | B75: 2025-07-09 | C75: Синчи-Ойл | D75: 2588617 | E75: 9090.91 | F75: 100000 | G75: 90909.09 | H75: Энгийн | I75: =+F75-E75 -> 90909.09 | J75: 90909.09 | AC75: =SUM(J75:AB75) -> 90909.09 | AD75: =+AC75-I75 -> 0 | AE75: нөат
A76: нөат | B76: 2025-07-08 | C76: Хулхан | D76: 2744783 | E76: 9381.82 | F76: 103200 | G76: 93818.18 | H76: Энгийн | I76: =+F76-E76 -> 93818.18 | L76: =+I76 -> 93818.18 | AC76: =SUM(J76:AB76) -> 93818.18 | AD76: =+AC76-I76 -> 0 | AE76: нөат
A77: нөат | B77: 2025-07-22 | C77: Эрхэмхангай | D77: 5430836 | E77: 9445.45 | F77: 103900 | G77: 94454.55 | H77: Энгийн | I77: =+F77-E77 -> 94454.55 | L77: 94454.55 | AC77: =SUM(J77:AB77) -> 94454.55 | AD77: =+AC77-I77 -> 0 | AE77: нөат
A78: нөат | B78: 2025-07-15 | C78: Номин хайпермаркет баруун бүс | D78: 7173713 | E78: 10309.91 | F78: 113409 | G78: 103099.09 | H78: Энгийн | I78: =+F78-E78 -> 103099.09 | J78: 103099.09 | AC78: =SUM(J78:AB78) -> 103099.09 | AD78: =+AC78-I78 -> 0 | AE78: нөат
C79: 2025-07-08T15:42:31 | D79: 5899508 4 ХҮН,ХХҮЕГАЗАР,Төрийн сан | E79: ХХҮЕГАЗАР | F79: MN830090100900017002 | G79: 1 | I79: 120000 | J79: 120000 | AC79: =SUM(J79:AB79) -> 120000 | AD79: =+AC79-I79 -> 0
A80: нөат | B80: 2025-07-22 | C80: Глобал-Ацетилен | D80: 5361184 | E80: 11200 | F80: 123200 | G80: 112000 | H80: Энгийн | I80: =+F80-E80 -> 112000 | O80: =+I80 -> 112000 | AC80: =SUM(J80:AB80) -> 112000 | AD80: =+AC80-I80 -> 0 | AE80: нөат
A81: нөат | B81: 2025-07-03 | C81: Ньюбулл | D81: 2679396 | E81: 11232.143 | F81: 125800 | G81: 114567.86 | H81: Энгийн | I81: =+F81-E81 -> 114567.86 | J81: 114567.86 | AC81: =SUM(J81:AB81) -> 114567.86 | AD81: =+AC81-I81 -> 0 | AE81: нөат
A82: нөат | B82: 2025-07-11 | C82: Вираго куалити | D82: 6687857 | E82: 11527.27 | F82: 126800 | G82: 115272.73 | H82: Энгийн | I82: =+F82-E82 -> 115272.73 | L82: =+I82 -> 115272.73 | AC82: =SUM(J82:AB82) -> 115272.73 | AD82: =+AC82-I82 -> 0 | AE82: нөат
C83: 2025-07-24T11:27:37 | D83: AA MAT,ТОГТООЛ ЦЭВЭЛЛХАСҮРЭН,ХААН ТӨВ БА | E83: ТОГТООЛ ЦЭВЭЛЛХАСҮРЭН | F83: MN350005005029185051 | G83: 1 | I83: 134100 | N83: 134100 | AC83: =SUM(J83:AB83) -> 134100 | AD83: =+AC83-I83 -> 0
C84: 2025-07-31T11:19:06 | D84: MAH,МЯГМАРСҮРЭН АМАРЖАРГАЛ,ХААН ТӨВ БАНК | E84: МЯГМАРСҮРЭН АМАРЖАРГАЛ | F84: MN290005005248032194 | G84: 1 | I84: 144700 | L84: 144700 | AC84: =SUM(J84:AB84) -> 144700 | AD84: =+AC84-I84 -> 0
A85: нөат | B85: 2025-07-25 | C85: Хурд ирээдүйн шинэ хүч | D85: 8369887 | E85: 13473.21 | F85: 150900 | G85: 137426.79 | H85: Энгийн | I85: =+F85-E85 -> 137426.79 | P85: =+I85 -> 137426.79 | AC85: =SUM(J85:AB85) -> 137426.79 | AD85: =+AC85-I85 -> 0 | AE85: нөат
A86: нөат | B86: 2025-07-06 | C86: Ти Эм ойл | D86: 6099866 | E86: 13728.18 | F86: 151010 | G86: 137281.82 | H86: Энгийн | I86: =+F86-E86 -> 137281.82 | J86: 137281.82 | AC86: =SUM(J86:AB86) -> 137281.82 | AD86: =+AC86-I86 -> 0 | AE86: нөат
A87: нөат | B87: 2025-07-23 | C87: Инвескор ББСБ | D87: 6060854 | E87: 0 | F87: 154899.83 | G87: 154899.83 | H87: Чөлөөлөгдөх | I87: 154899.83 | K87: 154899.83 | AC87: =SUM(J87:AB87) -> 154899.83 | AD87: =+AC87-I87 -> 0 | AE87: нөат
A88: нөат | B88: 2025-07-25 | C88: Шунхлайтрейдинг | D88: 5506239 | E88: 14121.91 | F88: 155341 | G88: 141219.09 | H88: Энгийн | I88: =+F88-E88 -> 141219.09 | J88: 141219.09 | AC88: =SUM(J88:AB88) -> 141219.09 | AD88: =+AC88-I88 -> 0 | AE88: нөат
A89: нөат | B89: 2025-07-05 | C89: Монсуль | D89: 2794241 | E89: 14295.45 | F89: 157250 | G89: 142954.55 | H89: Энгийн | I89: =+F89-E89 -> 142954.55 | J89: 142954.55 | AC89: =SUM(J89:AB89) -> 142954.55 | AD89: =+AC89-I89 -> 0 | AE89: нөат
A90: нөат | B90: 2025-07-17 | C90: Петростар | D90: 5241901 | E90: 14463.64 | F90: 159100 | G90: 144636.36 | H90: Энгийн | I90: =+F90-E90 -> 144636.36 | J90: 144636.36 | AC90: =SUM(J90:AB90) -> 144636.36 | AD90: =+AC90-I90 -> 0 | AE90: нөат
A91: нөат | B91: 2025-07-16 | C91: ДОРЖ ДАМДИННАВАГ | D91: ПЮ69042116 | E91: 0 | F91: 160000 | G91: 160000 | H91: Энгийн | I91: =+F91-E91 -> 160000 | L91: =+I91 -> 160000 | AC91: =SUM(J91:AB91) -> 160000 | AD91: =+AC91-I91 -> 0 | AE91: нөат
A92: нөат | B92: 2025-07-24 | C92: Алтан их бүс | D92: 5922321 | E92: 15000 | F92: 165000 | G92: 150000 | H92: Энгийн | I92: =+F92-E92 -> 150000 | P92: =+I92 -> 150000 | AC92: =SUM(J92:AB92) -> 150000 | AD92: =+AC92-I92 -> 0 | AE92: нөат
A93: нөат | B93: 2025-07-26 | C93: Шижир-Ойл | D93: 2791161 | E93: 16284.091 | F93: 179125 | G93: 162840.91 | H93: Энгийн | I93: =+F93-E93 -> 162840.91 | J93: 162840.91 | AC93: =SUM(J93:AB93) -> 162840.91 | AD93: =+AC93-I93 -> 0 | AE93: нөат
A94: нөат | B94: 2025-07-20 | C94: Глобал инноватив фүүд трэжүр | D94: 6799272 | E94: 16714.29 | F94: 187200 | G94: 170485.71 | H94: Энгийн | I94: =+F94-E94 -> 170485.71 | L94: =+I94 -> 170485.71 | AC94: =SUM(J94:AB94) -> 170485.71 | AD94: =+AC94-I94 -> 0 | AE94: нөат
C95: 2025-07-07T13:37:30 | D95: ZEEL TULULT,ДЭМБЭРЭЛСҮРЭН ЭРДЭНЭЦЭЦЭГ,ХА | E95: ДЭМБЭРЭЛСҮРЭН ЭРДЭНЭЦЭЦЭГ | F95: MN230005005735021190 | G95: 1 | I95: 200000 | J95: 200000 | AC95: =SUM(J95:AB95) -> 200000 | AD95: =+AC95-I95 -> 0
C96: 2025-07-10T18:12:44 | D96: MAHNII UNE,БЯМБАХОРОЛ ХОСБАЯР,ХААН ТӨВ Б | E96: БЯМБАХОРОЛ ХОСБАЯР | F96: MN420005005030348343 | G96: 1 | I96: 200000 | L96: 200000 | AC96: =SUM(J96:AB96) -> 200000 | AD96: =+AC96-I96 -> 0
A97: нөат | B97: 2025-07-05 | C97: Петростар | D97: 5241901 | E97: 19792.91 | F97: 217722 | G97: 197929.09 | H97: Энгийн | I97: =+F97-E97 -> 197929.09 | J97: 197929.09 | AC97: =SUM(J97:AB97) -> 197929.09 | AD97: =+AC97-I97 -> 0 | AE97: нөат
A98: нөат | B98: 2025-07-29 | C98: ЦГН | D98: 5393469 | E98: 23545.455 | F98: 259000 | G98: 235454.55 | H98: Энгийн | I98: 259000 | P98: 259000 | AC98: =SUM(J98:AB98) -> 259000 | AD98: =+AC98-I98 -> 0 | AE98: нөат
A99: нөат | B99: 2025-07-08 | C99: Чинзасагт | D99: 4491025 | E99: 23636.364 | F99: 260000 | G99: 236363.64 | H99: Энгийн | I99: =+F99-E99 -> 236363.64 | J99: =+I99 -> 236363.64 | AC99: =SUM(J99:AB99) -> 236363.64 | AD99: =+AC99-I99 -> 0 | AE99: нөат
A100: нөат | B100: 2025-07-31 | C100: Балхур | D100: 6608329 | E100: 24000 | F100: 264000 | G100: 240000 | H100: Энгийн | I100: =+F100-E100 -> 240000 | P100: 240000 | AC100: =SUM(J100:AB100) -> 240000 | AD100: =+AC100-I100 -> 0 | AE100: нөат
...
